relative_path,source,layer,title,flag,chars,diacritics_ratio,vocab_hits
raw/legislation/eli_DU_2004_535.pdf,eli,L1,Ustawa o podatku od towarow i uslug (VAT),ok,55833,0.0107,13
raw/legislation/eli_DU_2018_646.pdf,eli,L1,przedsiebiorcow,ok,49597,0.0469,14
raw/legislation/eli_DU_2018_1000.pdf,eli,L1,Ustawa o ochronie danych osobowych,ok,46380,0.0376,13
raw/eurlex/celex_02016R0679-20160504.pdf,eurlex,L1,RODO (Rozporzadzenie 2016/679) - tekst skonsolidowany PL,ok,31591,0.0426,9
raw/legislation/eli_DU_2025_1299.pdf,eli,L1,Rozporządzenie Ministra Finansów i Gospodarki z dnia 6 września 2025 r. w sprawie prowadzenia podatk,ok,40878,0.0516,16
raw/legislation/eli_DU_2025_1880.pdf,eli,L1,Rozporządzenie Ministra Finansów i Gospodarki z dnia 22 grudnia 2025 r. w sprawie prowadzenia uprosz,ok,29266,0.0449,10
raw/legislation/eli_DU_2025_1800.pdf,eli,L1,Rozporządzenie Ministra Finansów i Gospodarki z dnia 12 grudnia 2025 r. w sprawie zmiany rozporządze,ok,8681,0.0331,8
raw/legislation/eli_DU_2025_1742.pdf,eli,L1,Rozporządzenie Ministra Finansów i Gospodarki z dnia 7 grudnia 2025 r. zmieniające rozporządzenie w ,ok,2801,0.0289,5
raw/legislation/eli_DU_2026_418.pdf,eli,L1,Rozporządzenie Ministra Finansów i Gospodarki z dnia 29 marca 2026 r. w sprawie zmiany rozporządzeni,ok,1127,0.0311,4
raw/legislation/eli_DU_2023_912.pdf,eli,L1,Rozporządzenie Ministra Rodziny i Polityki Społecznej z dnia 11 maja 2023 r. zmieniające rozporządze,ok,12243,0.0265,10
raw/legislation/eli_DU_2025_1640.pdf,eli,L1,"Rozporządzenie Ministra Rodziny, Pracy i Polityki Społecznej z dnia 24 listopada 2025 r. zmieniające",ok,2279,0.0259,6
raw/legislation/eli_DU_2024_1936.pdf,eli,L1,Rozporządzenie Rady Ministrów z dnia 18 grudnia 2024 r. w sprawie Polskiej Klasyfikacji Działalności,ok,28489,0.0417,8
raw/legislation/eli_DU_2026_184.pdf,eli,L1,Ustawa z dnia 23 stycznia 2026 r. o zmianie ustawy o rzeczach znalezionych oraz ustawy - Kodeks cywi,ok,12813,0.0413,8
raw/legislation/eli_DU_2026_375.pdf,eli,L1,Obwieszczenie Ministra Zdrowia z dnia 9 marca 2026 r. w sprawie ogłoszenia jednolitego tekstu rozpor,ok,7651,0.0359,8
raw/legislation/eli_DU_2026_441.pdf,eli,L1,Ustawa z dnia 13 lutego 2026 r. o zmianie ustawy o świadczeniach pieniężnych z ubezpieczenia społecz,ok,4774,0.0425,6
raw/legislation/eli_DU_2026_425.pdf,eli,L1,Ustawa z dnia 13 lutego 2026 r. o zmianie ustawy o emeryturach i rentach z Funduszu Ubezpieczeń Społ,ok,733,0.0205,5
raw/legislation/eli_DU_2026_507.pdf,eli,L1,Ustawa z dnia 13 marca 2026 r. o zmianie ustawy o Centralnej Ewidencji i Informacji o Działalności G,ok,41414,0.0355,10
raw/legislation/eli_DU_2025_633.pdf,eli,L1,Obwieszczenie Marszałka Sejmu Rzeczypospolitej Polskiej z dnia 10 kwietnia 2025 r. w sprawie ogłosze,ok,51297,0.0467,11
raw/legislation/eli_DU_2025_1417.pdf,eli,L1,Ustawa z dnia 12 września 2025 r. o zmianie ustawy - Ordynacja podatkowa,ok,1235,0.0381,3
raw/legislation/eli_DU_2025_1071.pdf,eli,L1,Obwieszczenie Marszałka Sejmu Rzeczypospolitej Polskiej z dnia 25 lipca 2025 r. w sprawie ogłoszenia,ok,45146,0.0537,9
raw/legislation/eli_DU_2025_1461.pdf,eli,L1,Obwieszczenie Marszałka Sejmu Rzeczypospolitej Polskiej z dnia 26 września 2025 r. w sprawie ogłosze,ok,47990,0.0357,16
raw/legislation/eli_DU_2025_501.pdf,eli,L1,Obwieszczenie Marszałka Sejmu Rzeczypospolitej Polskiej z dnia 24 marca 2025 r. w sprawie ogłoszenia,ok,47854,0.0437,12
raw/legislation/eli_DU_2025_1749.pdf,eli,L1,Obwieszczenie Marszałka Sejmu Rzeczypospolitej Polskiej z dnia 7 listopada 2025 r. w sprawie ogłosze,ok,45709,0.0396,14
raw/legislation/eli_DU_2025_111.pdf,eli,L1,Obwieszczenie Marszałka Sejmu Rzeczypospolitej Polskiej z dnia 23 grudnia 2024 r. w sprawie ogłoszen,ok,44855,0.0376,11
raw/legislation/eli_DU_2026_30.pdf,eli,L1,Obwieszczenie Marszałka Sejmu Rzeczypospolitej Polskiej z dnia 7 stycznia 2026 r. w sprawie ogłoszen,ok,46405,0.0362,11
raw/legislation/eli_DU_2025_1480.pdf,eli,L1,Obwieszczenie Marszałka Sejmu Rzeczypospolitej Polskiej z dnia 20 października 2025 r. w sprawie ogł,ok,47497,0.0457,14
raw/legislation/eli_DU_2024_628.pdf,eli,L1,Obwieszczenie Marszałka Sejmu Rzeczypospolitej Polskiej z dnia 11 marca 2024 r. w sprawie ogłoszenia,ok,49030,0.0507,11
raw/legislation/eli_DU_2025_869.pdf,eli,L1,Obwieszczenie Marszałka Sejmu Rzeczypospolitej Polskiej z dnia 26 czerwca 2025 r. w sprawie ogłoszen,ok,52137,0.0409,13
raw/legislation/eli_DU_2025_1691.pdf,eli,L1,Obwieszczenie Marszałka Sejmu Rzeczypospolitej Polskiej z dnia 7 listopada 2025 r. w sprawie ogłosze,ok,45599,0.044,13
raw/legislation/eli_DU_2024_1773.pdf,eli,L1,Obwieszczenie Marszałka Sejmu Rzeczypospolitej Polskiej z dnia 27 listopada 2024 r. w sprawie ogłosz,ok,23140,0.043,10
raw/legislation/eli_DU_2026_85.pdf,eli,L1,Obwieszczenie Marszałka Sejmu Rzeczypospolitej Polskiej z dnia 21 stycznia 2026 r. w sprawie ogłosze,ok,40793,0.0417,12
raw/legislation/eli_DU_2025_24.pdf,eli,L1,Obwieszczenie Marszałka Sejmu Rzeczypospolitej Polskiej z dnia 6 grudnia 2024 r. w sprawie ogłoszeni,ok,51115,0.0431,14
raw/legislation/eli_DU_2026_522.pdf,eli,L1,Obwieszczenie Marszałka Sejmu Rzeczypospolitej Polskiej z dnia 30 marca 2026 r. w sprawie ogłoszenia,ok,50481,0.0433,15
raw/legislation/eli_DU_2025_1811.pdf,eli,L1,Ustawa z dnia 7 listopada 2025 r. o zmianie ustawy o podatku od towarów i usług,ok,1337,0.0411,6
raw/podatki/broszura_przew_ver_en.pdf,podatki,L2,"Special VAT scheme for occasional international road carriage of passengers PDF, 25,82 kB",ok,2969,0.003,2
raw/podatki/pit-2_-9-20.pdf,podatki,L2,Pobierz,ok,9920,0.0542,8
raw/podatki/pit-2a_-8-15.pdf,podatki,L2,Pobierz,ok,8267,0.0547,8
raw/podatki/pit-3_-8-15.pdf,podatki,L2,Pobierz,ok,7347,0.0506,9
raw/podatki/broszura-do-pit-36-za-2025-r.pdf,podatki,L2,"Broszura do PIT 36 za 2025 r. PDF, 825,15 kB",ok,38736,0.0474,14
raw/podatki/broszura-pit-37-za-2025-r.pdf,podatki,L2,"Broszura PIT 37 za 2025 r . PDF, 608,77 kB",ok,30288,0.0322,13
raw/podatki/broszura-do-pit-38-za-2025-r.pdf,podatki,L2,"Broszura informacyjna PIT-38 PDF, 948,24 kB",ok,41015,0.0481,12
raw/podatki/broszura-do-pit-39-za-2025-r.pdf,podatki,L2,"Broszura do PIT 39 za 2025 r. PDF, 347,28 kB",ok,24895,0.0482,13
raw/podatki/pit-d-broszura-za-2025-r.pdf,podatki,L2,"PIT D Broszura informacyjna za 2025 r. PDF, 463,80 kB",ok,10004,0.0436,9
raw/podatki/pit-o-broszura-za-2025-r.pdf,podatki,L2,"PIT O Broszura informacyjna za 2025 r. PDF, 626,67 kB",ok,29775,0.0437,14
raw/podatki/poradnik-dla-emeryt_w-i-rencist_w-jak-prawid_owo-rozliczy_-pit.pdf,podatki,L2,Poradnik dla emerytów i rencistów - jak prawidłowo rozliczyć PIT,ok,20349,0.0437,7
raw/podatki/specyfikacja-interfejs_w-us_ug-jpk-wersja-540.pdf,podatki,L2,"Specyfikacja Interfejsów usług JPK wersja 5.4.0 PDF, 676,28 kB",ok,17081,0.0231,5
raw/podatki/zmiany_w_schemie_jpk_v7m3-2.pdf,podatki,L2,"Zmiany w strukturze JPK_V7M(3) w porównaniu do JPK_V7M(2) PDF, 234,55 kB",ok,18185,0.02,10
raw/podatki/zmiany_w_schemie_jpk_v7k3-2.pdf,podatki,L2,"Zmiany w strukturze JPK_V7K(3) w porównaniu do JPK_V7K(2) PDF, 235,50 kB",ok,18187,0.02,10
raw/podatki/zmiany_w_schemie_jpk_v7m-2.pdf,podatki,L2,"Zmiany w strukturze JPK_V7M(2) w porównaniu do JPK_V7M(1) PDF, 543,33 kB",ok,23845,0.0166,6
raw/podatki/broszura-jpk_vat-z-deklaracj_-od-1-lutego-2026-r.pdf,podatki,L2,"Broszura - JPK_VAT z deklaracją od 1 lutego 2026 PDF, 1,62 MB",ok,15845,0.0309,7
raw/podatki/broszura-informacyjna-jpk_vat-z-deklaracj_-10052023.pdf,podatki,L2,"Broszura – JPK_VAT z deklaracją od 1 kwietnia 2023 PDF, 1,76 MB",ok,16594,0.0306,6
raw/podatki/broszura-informacyjna-jpk_vat-z-deklaracj_-17012023.pdf,podatki,L2,"Broszura - JPK_VAT z deklaracją od 1 stycznia 2023 PDF, 2,26 MB",ok,16594,0.0306,6
raw/podatki/broszura-informacyjna-jpk_vat-z-deklaracj_-08022022.pdf,podatki,L2,"Broszura - JPK_VAT z deklaracją od 1 stycznia 2022 PDF, 2,26 MB",ok,16591,0.0306,6
raw/podatki/broszura-informacyjna-jpk-vat-z-deklaracja.pdf,podatki,L2,"Broszura - JPK_VAT z deklaracją PDF, 2,08 MB",ok,18616,0.031,8
raw/podatki/jpk_vat_onepager__2020-10-13.pdf,podatki,L2,"Broszura informacyjna: JPK_VAT z deklaracją od 1 października 2020 PDF, 414,21 kB",ok,1133,0.0459,2
raw/podatki/jpk_vat-z-deklaracja-stosowanie-znacznikow.pdf,podatki,L2,"JPK_VAT z deklaracją – stosowanie znaczników PDF, 255,67 kB",ok,6378,0.0375,5
raw/podatki/broszura-jpk_vat-3-wersja-20180214.pdf,podatki,L2,"Broszura informacyjna JPK_VAT(3) PDF, 842,74 kB",ok,14714,0.0319,8
raw/podatki/podr_cznik-u_ytkownika-formularza-jpk_vat3_28042022.pdf,podatki,L2,"Podręcznik Użytkownika Formularza JPK VAT PDF, 1,03 MB",ok,12409,0.0324,8
raw/podatki/broszura-do-pit-36s-za-2025-r.pdf,podatki,L2,"Broszura do PIT 36S za 2025 r. PDF, 461,69 kB",ok,37224,0.0517,12
raw/podatki/broszura-do-pit-36l-za-2025-r.pdf,podatki,L2,"Broszura do PIT 36L za 2025 r. PDF, 426,55 kB",ok,44921,0.05,13
raw/podatki/broszura-do-pit-36ls-za-2025-r.pdf,podatki,L2,"Broszura do PIT 36LS za 2025 r. PDF, 368,11 kB",ok,30612,0.0523,11
raw/podatki/pit-40a11a_-21-17.pdf,podatki,L2,Pobierz,ok,7420,0.0337,10
raw/pip/Ochrona-stosunku-pracy-kobiet-w-ciy.pdf,pip,L2,Ochrona stosunku pracy kobiet w ciąży,ok,15961,0.0558,11
raw/pip/Nadgodziny-w-praktyce.pdf,pip,L2,Nadgodziny w praktyce,ok,12665,0.0325,3
raw/pip/PORADNIK-DOTUBEZPIECZENIASAZ-1.pdf,pip,L2,Poradnik dot. ubezpieczenia pracowników delegowanych,ok,25522,0.0473,11
raw/pip/Zwolnienie-od-pracy.pdf,pip,L2,Zwolnienie od pracy,ok,10903,0.0355,9
raw/zus/cd66ef6e-ece8-416e-8362-10154e5b20cc.pdf,zus,L2,Ubezpieczenie niań – poradnik (pdf),ok,23743,0.0452,11
raw/pip/Ocena-ryzyka-zawodowego-Wstp-do-zagadnienia.pdf,pip,L2,Ocena ryzyka zawodowego. Wstęp do zagadnienia,ok,19305,0.0507,9
raw/pip/Umowy-Terminowe-06-2019-INTERNET.pdf,pip,L2,Umowy terminowe,ok,12071,0.0458,3
raw/zus/55d7bce1-09a9-4c76-a03f-c8d5b7b0db10.pdf,zus,L2,Jesteś nianią? Przeczytaj koniecznie - ulotka (pdf),ok,12537,0.0458,8
raw/zus/3751fdf4-d1d7-4a4f-a27a-aecc447e1231.pdf,zus,L2,Rachunki IKE/PPE/PPK,off_topic,2718,0.0136,1
raw/pip/dostosuj-swoj-zaklad-do-obowiazujacego-prawa-pracy.pdf,pip,L2,Dostosuj swój zakład do obowiązującego prawa pracy. Lista kontrolna z komentarzem,ok,16699,0.0411,4
raw/zus/ef458770-eff8-5460-cb31-f548c763acc4.pdf,zus,L2,"Pobierz "" Kontrola prawidłowości wykorzystywania zwolnień lekarskich od pracy "" (pdf, 461 kB)",ok,23825,0.0413,8
raw/zus/2c941ac8-8e3f-4dfe-80a1-1d2340d908ce.pdf,zus,L2,"Pobierz "" Przewodnik dla rozpoczynających działalność gospodarczą "" (pdf, 1972 kB)",ok,20024,0.0473,9
raw/pip/Bezpieczna-praca-w-biurze-INTERNET.pdf,pip,L2,Bezpieczna praca w biurze,ok,17928,0.0496,8
raw/zus/15281e1b-c3f3-472a-81b3-7d10e1a434c8.pdf,zus,L2,"Pobierz "" Ustalanie stopy procentowej składki na ubezpieczenie wypadkowe "" (pdf, 1346 kB)",ok,22653,0.042,8
raw/zus/7e556412-65dd-41a9-9680-ed15adf5c5fc.pdf,zus,L2,"Pobierz "" ZUS RCA - Imienny raport miesięczny o należnych składkach i wypłaconych świadczeniach "" (p",ok,37919,0.038,13
raw/zus/a7780991-e2e8-45ce-8401-2e6983837a5f.pdf,zus,L2,"Pobierz "" ZUS IWA Informacja o danych do ustalenia składki na ubezpieczenie wypadkowe "" (pdf, 1870 k",ok,24150,0.045,11
raw/zus/8b7a1ca0-6145-ae37-d90a-a74871de6ca7.pdf,zus,L2,"Pobierz "" ZUS DRA - deklaracja rozliczeniowa. Jak wypełnić i skorygować "" (pdf, 3852 kB)",ok,31990,0.0348,11
raw/pip/Szkolenia-BHP.pdf,pip,L2,Szkolenia bhp,ok,13810,0.0383,10
raw/zus/92a5c5b1-cf05-4869-8845-538a48fd5129.pdf,zus,L2,"Pobierz "" Zasady opłacania składek na Fundusz Pracy, Fundusz Gwarantowanych Świadczeń Pracowniczych,",ok,19522,0.0442,12
raw/pip/srodkiochronyoddech.pdf,pip,L2,Środki ochrony układu oddechowego,ok,18644,0.0489,6
raw/zus/f4f5043f-4487-2e82-e93a-8f8d7cc6c5f9.pdf,zus,L2,"Pobierz "" Polski Ład. Co zmienia się w przepisach dotyczących rozliczania składki na ubezpieczenie z",ok,28300,0.0463,12
raw/pip/Prawa-i-obowiazki-pracodawcy-w-zakresie-BHP.pdf,pip,L2,Prawa i obowiązki pracodawcy w zakresie bhp,ok,12691,0.0453,6
raw/zus/5bd51288-7bae-d65b-b2c0-5a13c5dffde2.pdf,zus,L2,"Pobierz "" Oświadczenie o zamiarze przekazania raportów informacyjnych ZUS OSW; Raport informacyjny Z",ok,19481,0.0399,8
raw/zus/13cba0a8-2ee4-8726-52ef-98012557901f.pdf,zus,L2,"Pobierz "" Zasady opłacania składek na Fundusz Pracy, Fundusz Gwarantowanych Świadczeń Pracowniczych,",ok,20046,0.0433,12
raw/zus/58cae573-ff58-50e0-070b-35ee6f58ec94.pdf,zus,L2,"Pobierz "" Ustalanie stopy procentowej składki na ubezpieczenie wypadkowe wersja archiwalna do 31 mar",ok,19891,0.0426,8
raw/pip/Badania-profilaktyczne.pdf,pip,L2,Badania profilaktyczne pracowników,ok,14533,0.0356,9
raw/zus/17e0dc69-e027-476f-e39b-b7bf4df4c93d.pdf,zus,L2,"Pobierz "" Ustalanie stopy procentowej składki na ubezpieczenie wypadkowe archiwum stan prawny 04.201",ok,19346,0.0432,8
raw/zus/3a9213cb-ae0a-41a9-bd0c-dfaf46fa1c24.pdf,zus,L2,"Pobierz "" Zasady opłacania składek na Fundusz Pracy, Fundusz Gwarantowanych Świadczeń Pracowniczych ",ok,17688,0.0444,12
raw/zus/d070a414-39a8-060e-fc88-3dec3bd22878.pdf,zus,L2,"Pobierz "" Ubezpieczenia społeczne i ubezpieczenie zdrowotne osób duchownych stan prawny na 1.01.2018",ok,20136,0.0445,9
raw/pip/mobbing-inforamtor-dla-pracodawcy-2019p95366.pdf,pip,L2,Mobbing. Informator dla pracodawcy,ok,13649,0.0517,5
raw/zus/2aca8721-e347-456d-a136-ef25f5707d56.pdf,zus,L2,"Pobierz "" Zasady podlegania ubezpieczeniom społecznym i ubezpieczeniu zdrowotnemu oraz ustalania pod",ok,19024,0.0409,11
raw/pip/stres-w-pracy-przyklady-dobrych-praktykp38690.pdf,pip,L2,Stres w pracy. Przykłady dobrych praktyk,ok,16303,0.0455,5
raw/pip/urlopyp84442.pdf,pip,L2,Urlopy,ok,11138,0.0379,7
raw/pip/nadgodziny-w-praktycep45815.pdf,pip,L2,Nadgodzny w praktyce,ok,12007,0.0375,4
raw/zus/1195809f-a305-46e2-abf0-58e528f57ab7.pdf,zus,L2,"Pobierz "" Zasady podlegania ubezpieczeniom społecznym i ubezpieczeniu zdrowotnemu oraz ustalania pod",ok,19037,0.0383,12
raw/pip/praca-w-niedziele-i-swietap36488.pdf,pip,L2,Praca w niedziele i święta,ok,13553,0.0474,8
raw/pip/zakladowy-fundusz-swiadczen-socjalnychp91479.pdf,pip,L2,Zakładowy fundusz świadczeń socjalnych,ok,11623,0.0508,6
raw/pip/wynagrodzenie-za-pracep19021.pdf,pip,L2,Wynagrodzenie za pracę,ok,15415,0.0418,11
raw/pip/zwolnienia-grupowep68798.pdf,pip,L2,Zwolnienia grupowe,ok,11660,0.0405,7
raw/pip/ul-rozwiazumowy-wzn2021-okp26812.pdf,pip,L2,Rozwiązywanie umów o pracę,ok,11655,0.0468,4
raw/pip/obowiazki-pracodawcy-po-ustaniu-stosunku-pracyp72567.pdf,pip,L2,Obowiązki pracodawcy po ustaniu stosunku pracy,ok,13012,0.0435,5
raw/pip/dokumentacja-pracowniczap22901.pdf,pip,L2,Dokumentacja pracownicza,ok,11692,0.0418,6
raw/pip/nowy-pracownik-obowiazki-pracodawcyp18266.pdf,pip,L2,Nowy pracownik-obowiązki pracodawcy,ok,14007,0.0401,7
raw/uodo/uodo_5687_poradnik_dotycz_cy_narusze_ochrony_danych_osobowych_plik_pdf.pdf,uodo,L2,"Poradnik dotyczący naruszeń ochrony danych osobowych (plik PDF, 7.04 MB)",ok,16200,0.0323,11
raw/uodo/uodo_1469_poradnik_dotycz_cy_zatrudnienia.pdf,uodo,L2,Poradnik dotyczący zatrudnienia,ok,21780,0.0379,12
raw/uodo/uodo_1447_poradnik_ochrona_danych_osobowych_w_kampanii_wyborczej.pdf,uodo,L2,"Poradnik ""Ochrona danych osobowych w kampanii wyborczej""",ok,21788,0.0386,11
raw/uodo/uodo_1384_poradnik_dla_szk.pdf,uodo,L2,Poradnik dla szkół,ok,22178,0.0419,12
raw/eurlex/celex_02006L0112-20240101.pdf,eurlex,L1,Dyrektywa Rady 2006/112/WE w sprawie wspólnego systemu podatku od wartości dodanej,ok,22615,0.0443,10
raw/uodo/uodo_1200_wskaz_wki_prezesa_urz_du_ochrony_danych_osobowych_dotycz_ce.pdf,uodo,L2,Wskazówki Prezesa Urzędu Ochrony Danych Osobowych dotyczące wykorzystywania monitoringu wizyjnego,ok,23242,0.0389,11
raw/eurlex/celex_02011L0083-20220528.pdf,eurlex,L1,Dyrektywa 2011/83/UE - prawa konsumentów,ok,31911,0.0454,11
raw/uodo/uodo_708_wskaz_wki_i_wyja_nienia_dotycz_ce_obowi_zku_z_art_30_ust_1_i.pdf,uodo,L2,Wskazówki i wyjaśnienia dotyczące obowiązku z art. 30 ust. 1 i 2 RODO,ok,35971,0.0381,13
raw/eurlex/celex_02014R0910-20240520.pdf,eurlex,L1,Rozporządzenie 910/2014 (eIDAS),ok,30648,0.0454,7
raw/uodo/uodo_706_jak_rozumie_podej_cie_oparte_na_ryzyku_wed_ug_rodo.pdf,uodo,L2,Jak rozumieć podejście oparte na ryzyku według RODO?,ok,34129,0.0435,11
raw/eurlex/celex_32022R2065.pdf,eurlex,L1,Rozporządzenie 2022/2065 (Digital Services Act),ok,63387,0.0495,10
raw/uodo/uodo_5899_projektowanie_ochrony_danych_osobowych_w_zwi_zku_z_transmisj.pdf,uodo,L2,"Projektowanie ochrony danych osobowych w związku z transmisją i nagrywaniem obrad [plik PDF, 684 KB]",ok,20149,0.0393,8
raw/pip/praca-w-wysokich-i-niskich-temperaturach.pdf,pip,L2,Praca w wysokich i niskich temperaturach,ok,12122,0.0437,4
raw/pip/Czas-pracy.pdf,pip,L2,Czas pracy. Zawiera informacje dla pracowników niepełnosprawnych,ok,11427,0.0401,3
raw/pip/28-potraceniawynagrodz-internet-18-06-21p74095.pdf,pip,L2,Potrącenia z wynagrodzenia,ok,10236,0.0567,8
raw/pip/ul-ZakazKonkurencji-Internet.pdf,pip,L2,Zakaz konkurencji,ok,11877,0.0418,5
raw/pip/ul-UsprawedlNieobecn-2018-INTERNET.pdf,pip,L2,Usprawiedliwianie nieobecności w pracy,ok,12063,0.0418,5
raw/pip/SwiadectwoPracy-2018-INTERNET.pdf,pip,L2,Świadectwo pracy,ok,11620,0.0419,6
raw/pip/ul-PodnoszenKwalifikacji-2018-INTERNET.pdf,pip,L2,Podnoszenie kwalifikacji,ok,11478,0.0369,8
raw/pip/Umowa-o-prac-a-umowy-cywilnoprawne-2020-INTERNET.pdf,pip,L2,Umowa o pracę a umowy cywilnoprawne,ok,13270,0.0414,9
raw/pip/29STRESWPRACYPRACODAWCA2023INTERNET.pdf,pip,L2,Stres w pracy. Poradnik dla pracodawcy,ok,16479,0.0527,4
raw/legislation/eli_DU_1974_141.pdf,eli,L1,Kodeks pracy,ok,67154,0.0446,11
raw/legislation/eli_DU_1991_350.pdf,eli,L1,Ustawa o podatku dochodowym od osob fizycznych (PIT),ok,67509,0.0539,16
raw/legislation/eli_DU_1998_887.pdf,eli,L1,Ustawa o systemie ubezpieczen spolecznych,ok,44127,0.0492,14
raw/legislation/eli_DU_1998_930.pdf,eli,L1,Ustawa o zryczaltowanym podatku dochodowym (ryczalt),ok,56011,0.0522,11
raw/pip/Ocena-ryzyka-zawodowego-Lista-kontrolna-z-komentarzem.pdf,pip,L2,Ocena ryzyka zawodowego. Lista kontrolna z komentarzem,ok,13569,0.0405,9
raw/pip/Prawo-pracy-dla-rodzicow.pdf,pip,L2,Drukuj,ok,18334,0.0421,12
raw/pip/Praca-zdalna-Lista-kontrolna.pdf,pip,L2,Praca zdalna. Lista kontrolna z komentarzem,ok,17074,0.037,7
raw/pip/prewencja-wypadkowa-lista-kontrolna-z-komentarzem.pdf,pip,L2,Prewencja wypadkowa Lista kontrolna z komentarzem,ok,24123,0.0437,10
raw/pip/bezpiecznie-i-zgodnie-z-prawem-lista-kontrolna-z-komentarzemp35223.pdf,pip,L2,Bezpiecznie i zgodnie z prawem. Lista kontrolna z komentarezem,ok,18561,0.0392,8
raw/pip/bhp-w-biurze.pdf,pip,L2,w biurze,ok,15769,0.0469,6
raw/pip/Wypadek-przy-pracy-Poradnik-pracodawcy.pdf,pip,L2,Wypadek przy pracy,ok,14852,0.0485,7
raw/pip/PrawoPracyPierwKroki-INTERNET-OKL.pdf,pip,L2,pracy - pierwsze kroki,ok,15301,0.0429,9
raw/pip/Uprawnienia-rodzicielskie-pracujcych-ojcow.pdf,pip,L2,Uprawnienia rodzicielskie pracujących ojców,ok,11078,0.0448,8
raw/pip/prace-prasa-do-slomy.pdf,pip,L2,Prace prasą do słomy,ok,10091,0.0665,3
raw/pip/prace-transportowe.pdf,pip,L2,Prace transportowe,ok,10055,0.0576,2
raw/pip/uzytkowanie-maszyn-minimalne-wymagania-dotyczne-bhp.pdf,pip,L2,Użytkowanie maszyn. Minimalne wymagania dotyczące bhp. Lista kontrolna z komentarzem,ok,19947,0.0403,4
raw/biznes_gov/bizgov_lista-uprawnien_08-2025.pdf,biznes_gov,L2,"listę rodzajów działalności gospodarczej wymagających uzyskania koncesji, zezwol",ok,35734,0.0237,6
raw/govpl/govpl_broszura_informacyjna_dotyczca_struktury_logicznej_fa3_broszura8203_informacyjna.pdf,govpl,L2,Broszura informacyjna dotycząca struktury logicznej FA(3) Broszura&#8203;_informacyjna&#8203;_dotycz,ok,18332,0.0265,11
raw/govpl/govpl_information_sheet_on_the_fa_3_logical_structure_version_1_information8203_sheet8.pdf,govpl,L2,Information sheet on the FA (3) logical structure version 1 Information&#8203;_sheet&#8203;_on&#8203,low_polish,18725,0.0001,4
raw/govpl/govpl_przykadowe_pliki_dla_struktury_logicznej_e-faktury_fa3_przykladowe8203_pliki8203.docx,govpl,L2,Przykładowe pliki dla struktury logicznej e-Faktury FA(3) Przykladowe&#8203;_pliki&#8203;_dla&#8203;,unreadable,0,0.0,0
raw/govpl/govpl_dokumentacja_struktury_logicznej_e-faktury_fa2_dokumentacja8203_struktury8203_lo.pdf,govpl,L2,Dokumentacja struktury logicznej e-Faktury FA(2) Dokumentacja&#8203;_struktury&#8203;_logicznej&#820,ok,23555,0.0163,7
raw/govpl/govpl_przykadowe_pliki_dla_struktury_logicznej_e-faktury_fa2_przykadowe8203_pliki8203_.docx,govpl,L2,Przykładowe pliki dla struktury logicznej e-Faktury FA(2) Przykładowe&#8203;_pliki&#8203;_dla&#8203;,unreadable,0,0.0,0
raw/govpl/govpl_prezentacja_krajowy_system_e-faktur_prezentacja8203_krajowy8203_system8203_efakt.pdf,govpl,L2,Prezentacja Krajowy System e-Faktur prezentacja&#8203;_Krajowy&#8203;_System&#8203;_eFaktur.pdf 2.83,ok,7196,0.0321,5
raw/govpl/govpl_zmiany_w_roboczej_fa2_w_porwnaniu_do_fa2_przekazanej_1_grudnia_2022_r_do_konsult.pdf,govpl,L2,Zmiany w roboczej FA(2) w porównaniu do FA(2) przekazanej 1 grudnia 2022 r. do konsultacji. Zmiany&#,ok,34105,0.0111,7
raw/govpl/govpl_zmiany_w_fa2_przekazanej_1_grudnia_2022_r_do_konsultacji_w_porwnaniu_do_fa1_zmia.pdf,govpl,L2,Zmiany w FA(2) przekazanej 1 grudnia 2022 r. do konsultacji w porównaniu do FA(1) Zmiany&#8203;_w&#8,ok,20307,0.0068,7
raw/govpl/govpl_dokumentacja_struktury_logicznej_e-faktury_fa1_dokumentacja8203_struktury8203_lo.pdf,govpl,L2,Dokumentacja struktury logicznej e-Faktury FA(1) Dokumentacja&#8203;_struktury&#8203;_logicznej&#820,ok,24984,0.0168,7
raw/govpl/govpl_przykadowe_pliki_dla_struktury_logicznej_e-faktury_fa1_przykadowe8203_pliki8203_.docx,govpl,L2,Przykładowe pliki dla struktury logicznej e-Faktury FA(1) Przykładowe&#8203;_pliki&#8203;_dla&#8203;,unreadable,0,0.0,0
raw/govpl_html/govpl_elektroniczne-ksiegi-i-ewidencje-podatkowe.html,govpl,L2,Elektroniczne księgi i ewidencje podatkowe - Ministerstwo Finansów - Portal Gov.pl,ok,10604,0.0351,7
raw/govpl_html/govpl_konsultacje-podatkowe.html,govpl,L2,Konsultacje podatkowe - Ministerstwo Finansów - Portal Gov.pl,ok,9473,0.033,10
raw/govpl_html/govpl_indywidualne-dane-podatnikow-cit.html,govpl,L2,Indywidualne dane podatników CIT - Ministerstwo Finansów - Portal Gov.pl,ok,8259,0.0355,7
raw/govpl_html/govpl_generalny-inspektor-informacji-finansowej.html,govpl,L2,Generalny Inspektor Informacji Finansowej - Ministerstwo Finansów - Portal Gov.pl,ok,9520,0.0317,6
raw/govpl_html/govpl_akty-prawne-budzet-panstwa.html,govpl,L2,Akty prawne - Ministerstwo Finansów - Portal Gov.pl,ok,21207,0.0297,6
raw/govpl/govpl_attach_98f9f334-e52e-42b6-94ed-a4423608bf9d.pdf,govpl,L2,attachment from https://www.gov.pl/web/finanse/akty-prawne-budzet-panstwa,ok,50048,0.0511,13
raw/govpl/govpl_attach_9365b74e-4a21-46d4-9338-57aa5b5b1987.pdf,govpl,L2,attachment from https://www.gov.pl/web/finanse/akty-prawne-budzet-panstwa,ok,9634,0.0385,5
raw/govpl/govpl_attach_cd6072ca-9646-4ca0-9b92-b585847399db.pdf,govpl,L2,attachment from https://www.gov.pl/web/finanse/akty-prawne-budzet-panstwa,ok,50276,0.051,13
raw/govpl/govpl_attach_1dd1fd0f-0866-4b4a-aff2-80ea03e4c79c.pdf,govpl,L2,attachment from https://www.gov.pl/web/finanse/akty-prawne-budzet-panstwa,ok,3379,0.0385,7
raw/govpl/govpl_attach_47d15e35-e8d3-41c2-bc8d-83b11b2d4d5a.pdf,govpl,L2,attachment from https://www.gov.pl/web/finanse/akty-prawne-budzet-panstwa,ok,3311,0.0423,7
raw/govpl/govpl_attach_deeaef02-a224-4343-b2ad-cd47ba6bc217.pdf,govpl,L2,attachment from https://www.gov.pl/web/finanse/akty-prawne-budzet-panstwa,ok,49415,0.0512,13
raw/govpl/govpl_attach_4cb9dcbf-9b95-4e15-a45e-9067c1501d51.pdf,govpl,L2,attachment from https://www.gov.pl/web/finanse/akty-prawne-budzet-panstwa,ok,34843,0.0502,10
raw/govpl/govpl_attach_4501acda-053b-41f4-9796-d3855326c431.pdf,govpl,L2,attachment from https://www.gov.pl/web/finanse/akty-prawne-budzet-panstwa,ok,1533,0.0326,4
raw/govpl/govpl_attach_a384f157-3c26-4604-8201-0dea3a0fd673.pdf,govpl,L2,attachment from https://www.gov.pl/web/finanse/akty-prawne-budzet-panstwa,ok,2723,0.0356,5
raw/govpl/govpl_attach_76878f6a-f663-4992-9045-c645b6f59e8e.pdf,govpl,L2,attachment from https://www.gov.pl/web/finanse/akty-prawne-budzet-panstwa,ok,36016,0.0496,10
raw/govpl/govpl_attach_7099a568-354f-4086-9d92-643f40359e00.pdf,govpl,L2,attachment from https://www.gov.pl/web/finanse/akty-prawne-budzet-panstwa,ok,2751,0.0403,5
raw/govpl/govpl_attach_0da7c48d-47aa-4bea-8bd3-f038eb032889.pdf,govpl,L2,attachment from https://www.gov.pl/web/finanse/akty-prawne-budzet-panstwa,ok,3424,0.0429,5
raw/govpl/govpl_attach_7bb1e6b6-90b7-4707-a386-def109ee7f14.pdf,govpl,L2,attachment from https://www.gov.pl/web/finanse/akty-prawne-budzet-panstwa,ok,33694,0.0507,10
raw/govpl/govpl_attach_7b1f4837-6ac3-4318-aa69-a79f3e1c699e.pdf,govpl,L2,attachment from https://www.gov.pl/web/finanse/akty-prawne-budzet-panstwa,ok,4366,0.0408,7
raw/govpl/govpl_attach_bd33eb54-d53b-4ba9-bd22-e179ba791695.pdf,govpl,L2,attachment from https://www.gov.pl/web/finanse/akty-prawne-budzet-panstwa,ok,32587,0.0509,9
raw/govpl/govpl_attach_ff330c30-f6f4-4a58-bc11-5e8830a8d985.pdf,govpl,L2,attachment from https://www.gov.pl/web/finanse/akty-prawne-budzet-panstwa,ok,38384,0.0541,9
raw/govpl/govpl_attach_fe463e27-5af3-45bf-aa9c-c5324cd8e9ac.pdf,govpl,L2,attachment from https://www.gov.pl/web/finanse/akty-prawne-budzet-panstwa,ok,38324,0.0537,9
raw/govpl/govpl_attach_80e0a9b5-2f87-467c-afb6-ff986e7b66c1.docx,govpl,L2,attachment from https://www.gov.pl/web/finanse/akty-prawne-budzet-panstwa,unreadable,0,0.0,0
raw/govpl/govpl_attach_b22b786e-c5ed-414c-978c-745b0c2182a2.docx,govpl,L2,attachment from https://www.gov.pl/web/finanse/akty-prawne-budzet-panstwa,unreadable,0,0.0,0
raw/govpl/govpl_attach_53787820-5494-4091-990c-2d5edac09cef.docx,govpl,L2,attachment from https://www.gov.pl/web/finanse/akty-prawne-budzet-panstwa,unreadable,0,0.0,0
raw/govpl/govpl_attach_2849d306-3a4e-49e9-8a68-3ab7282cc01b.docx,govpl,L2,attachment from https://www.gov.pl/web/finanse/akty-prawne-budzet-panstwa,unreadable,0,0.0,0
raw/govpl/govpl_attach_85057a27-8faf-4a9d-a423-8294818870d9.docx,govpl,L2,attachment from https://www.gov.pl/web/finanse/akty-prawne-budzet-panstwa,unreadable,0,0.0,0
raw/govpl/govpl_attach_31986f12-449d-4e6f-9909-8fda1a135334.docx,govpl,L2,attachment from https://www.gov.pl/web/finanse/akty-prawne-budzet-panstwa,unreadable,0,0.0,0
raw/govpl/govpl_attach_5f4951e1-f226-4a2b-873b-d10cd3a4a33d.docx,govpl,L2,attachment from https://www.gov.pl/web/finanse/akty-prawne-budzet-panstwa,unreadable,0,0.0,0
raw/govpl/govpl_attach_cb78f4f2-9f9d-4e46-aba9-69c6a81942c3.docx,govpl,L2,attachment from https://www.gov.pl/web/finanse/akty-prawne-budzet-panstwa,unreadable,0,0.0,0
raw/govpl/govpl_attach_c332415e-ce19-4908-8805-f38ca767c26d.docx,govpl,L2,attachment from https://www.gov.pl/web/finanse/akty-prawne-budzet-panstwa,unreadable,0,0.0,0
raw/govpl/govpl_attach_1e070cce-84c4-403d-84d0-651f9f03eb7f.docx,govpl,L2,attachment from https://www.gov.pl/web/finanse/akty-prawne-budzet-panstwa,unreadable,0,0.0,0
raw/govpl/govpl_attach_3a077686-6c4b-42de-a428-67732f97d4d3.docx,govpl,L2,attachment from https://www.gov.pl/web/finanse/akty-prawne-budzet-panstwa,unreadable,0,0.0,0
raw/govpl/govpl_attach_2bdc2433-f9d5-4068-9ad8-fc6f26b0844d.docx,govpl,L2,attachment from https://www.gov.pl/web/finanse/akty-prawne-budzet-panstwa,unreadable,0,0.0,0
raw/govpl/govpl_attach_1e8cf8d0-a8f8-4b35-9b5c-081984435719.docx,govpl,L2,attachment from https://www.gov.pl/web/finanse/akty-prawne-budzet-panstwa,unreadable,0,0.0,0
raw/govpl/govpl_attach_a99d9057-05a2-4ab1-84c0-4f4ddf83fe6a.docx,govpl,L2,attachment from https://www.gov.pl/web/finanse/akty-prawne-budzet-panstwa,unreadable,0,0.0,0
raw/govpl/govpl_attach_42755995-cf54-4159-ade0-f7393bfa5da3.pdf,govpl,L2,attachment from https://www.gov.pl/web/finanse/akty-prawne-budzet-panstwa,ok,23551,0.0411,6
raw/govpl/govpl_attach_e14f4344-32d2-40df-a030-4860586447d5.pdf,govpl,L2,attachment from https://www.gov.pl/web/finanse/akty-prawne-budzet-panstwa,ok,2854,0.0361,3
raw/govpl/govpl_attach_c51905c4-4bc5-42af-8eea-4f478b8a6030.pdf,govpl,L2,attachment from https://www.gov.pl/web/finanse/akty-prawne-budzet-panstwa,ok,8343,0.039,3
raw/govpl/govpl_attach_276b7dff-ea9e-43ea-bec4-8bb843aaba4f.docx,govpl,L2,attachment from https://www.gov.pl/web/finanse/akty-prawne-budzet-panstwa,unreadable,0,0.0,0
raw/govpl/govpl_attach_71a14a0d-d7d9-4577-bd70-18af8f93bdcd.pdf,govpl,L2,attachment from https://www.gov.pl/web/finanse/akty-prawne-budzet-panstwa,ok,5971,0.0419,3
raw/govpl/govpl_attach_dcc2cec8-fcb5-486a-8fcd-5bd4a4263d14.pdf,govpl,L2,attachment from https://www.gov.pl/web/finanse/akty-prawne-budzet-panstwa,ok,6454,0.0411,4
raw/govpl/govpl_attach_f280785e-e86e-40ab-b420-a13875a6d156.pdf,govpl,L2,attachment from https://www.gov.pl/web/finanse/akty-prawne-budzet-panstwa,ok,8920,0.0332,7
raw/govpl/govpl_attach_8f28b0dc-b1fc-44ab-ba53-1d7118093342.pdf,govpl,L2,attachment from https://www.gov.pl/web/finanse/akty-prawne-budzet-panstwa,ok,22571,0.0233,7
raw/govpl/govpl_attach_d7fe25d6-03bb-4a86-80d7-551cf8d7bdd9.pdf,govpl,L2,attachment from https://www.gov.pl/web/finanse/akty-prawne-budzet-panstwa,ok,22441,0.0293,11
raw/govpl/govpl_attach_8c024fa8-04fe-4954-9251-8b0a0538f5f7.pdf,govpl,L2,attachment from https://www.gov.pl/web/finanse/akty-prawne-budzet-panstwa,ok,18720,0.0279,10
raw/govpl/govpl_attach_46f16381-0c35-4195-a673-96f63458ac70.pdf,govpl,L2,attachment from https://www.gov.pl/web/finanse/akty-prawne-budzet-panstwa,ok,19531,0.0373,4
raw/govpl_html/govpl_edukacja-finansowa.html,govpl,L2,Edukacja finansowa - Ministerstwo Finansów - Portal Gov.pl,ok,6038,0.0364,5
raw/govpl_html/govpl_kas.html,govpl,L2,Krajowa Administracja Skarbowa - Portal gov.pl,ok,5700,0.0316,6
raw/govpl_html/govpl_krajowy-system-e-faktur.html,govpl,L2,Krajowy System e-Faktur - Ministerstwo Finansów - Krajowa Administracja Skarbowa - Portal Gov.pl,ok,9978,0.0211,5
raw/govpl_html/govpl_kasy-online.html,govpl,L2,Kasy online - Ministerstwo Finansów - Krajowa Administracja Skarbowa - Portal Gov.pl,ok,6225,0.0307,5
raw/govpl_html/govpl_indywidualny-rachunek-podatkowy.html,govpl,L2,Indywidualny rachunek podatkowy - Ministerstwo Finansów - Krajowa Administracja Skarbowa - Portal Go,ok,5168,0.0313,5
raw/govpl_html/govpl_e-deklaracje.html,govpl,L2,e-Deklaracje - Ministerstwo Finansów - Krajowa Administracja Skarbowa - Portal Gov.pl,ok,5382,0.0331,5
raw/govpl_html/govpl_agenci-rozliczeniowi.html,govpl,L2,Agenci rozliczeniowi - Ministerstwo Finansów - Krajowa Administracja Skarbowa - Portal Gov.pl,ok,12496,0.0255,7
raw/govpl/govpl_attach_8dbd3ab3-42b2-4e07-8099-832f58bf9cd6.pdf,govpl,L2,attachment from https://www.gov.pl/web/kas/agenci-rozliczeniowi,ok,15919,0.0162,5
raw/govpl/govpl_attach_29092900-432c-4751-99a2-f6c1b2a23513.pdf,govpl,L2,attachment from https://www.gov.pl/web/kas/agenci-rozliczeniowi,ok,15171,0.0109,3
raw/govpl/govpl_attach_b69ac7ed-5e38-483b-8561-bc18b1e54729.pdf,govpl,L2,attachment from https://www.gov.pl/web/kas/agenci-rozliczeniowi,ok,17167,0.0167,6
raw/govpl/govpl_attach_854ce186-3cf7-44d4-8eda-92392737d86c.pdf,govpl,L2,attachment from https://www.gov.pl/web/kas/agenci-rozliczeniowi,ok,12865,0.0068,4
raw/govpl/govpl_attach_91c24e5c-3f7b-4d70-8581-32a69d92f04f.pdf,govpl,L2,attachment from https://www.gov.pl/web/kas/agenci-rozliczeniowi,ok,15827,0.0159,5
raw/govpl/govpl_attach_4643c851-fcff-475f-afd2-abae89e43390.pdf,govpl,L2,attachment from https://www.gov.pl/web/kas/agenci-rozliczeniowi,ok,15821,0.0108,3
raw/govpl/govpl_attach_d78e2f1d-00f9-45dc-b1b3-a3f56037df8c.pdf,govpl,L2,attachment from https://www.gov.pl/web/kas/agenci-rozliczeniowi,ok,17562,0.0169,6
raw/govpl/govpl_attach_fa013bc0-c783-4067-88a1-f8ef4e58866c.pdf,govpl,L2,attachment from https://www.gov.pl/web/kas/agenci-rozliczeniowi,ok,14264,0.0073,4
raw/govpl/govpl_attach_ee2cbfd5-1f0a-4af4-b0e3-3840ab1fbf50.pdf,govpl,L2,attachment from https://www.gov.pl/web/kas/agenci-rozliczeniowi,ok,17601,0.027,7
raw/govpl/govpl_attach_2333f486-2852-4634-b943-9314db1ca5ef.pdf,govpl,L2,attachment from https://www.gov.pl/web/kas/agenci-rozliczeniowi,ok,6461,0.011,2
raw/govpl/govpl_attach_25dbf696-f0c7-44e6-ab77-6af408319f22.pdf,govpl,L2,attachment from https://www.gov.pl/web/kas/agenci-rozliczeniowi,ok,15522,0.0192,4
raw/govpl/govpl_attach_edbcb167-6883-4a5c-a2ef-d05e526677fd.pdf,govpl,L2,attachment from https://www.gov.pl/web/kas/agenci-rozliczeniowi,ok,17074,0.018,3
raw/govpl_html/govpl_dostawcy-uslug-platniczych.html,govpl,L2,Dostawcy usług płatniczych - Ministerstwo Finansów - Krajowa Administracja Skarbowa - Portal Gov.pl,ok,20719,0.0391,11
raw/govpl/govpl_attach_fd7f0474-585d-4065-a4bc-505bb7785904.pdf,govpl,L2,attachment from https://www.gov.pl/web/kas/dostawcy-uslug-platniczych,ok,18604,0.0331,5
raw/govpl/govpl_attach_0b63f6d9-8042-4675-9b4f-7f7a782599a1.pdf,govpl,L2,attachment from https://www.gov.pl/web/kas/dostawcy-uslug-platniczych,low_polish,18415,0.0015,1
raw/govpl/govpl_attach_ff6aa564-b425-4c1b-941d-2767b2baf453.pdf,govpl,L2,attachment from https://www.gov.pl/web/kas/dostawcy-uslug-platniczych,ok,24221,0.0261,7
raw/govpl/govpl_attach_8f899d44-59a5-40ca-9d2c-9252c1751faf.pdf,govpl,L2,attachment from https://www.gov.pl/web/kas/dostawcy-uslug-platniczych,low_polish,25827,0.0,1
raw/govpl/govpl_attach_9f3dec33-0232-43ed-8b73-a50f5f88a9d2.pdf,govpl,L2,attachment from https://www.gov.pl/web/kas/dostawcy-uslug-platniczych,low_polish,29121,0.0,1
raw/govpl/govpl_attach_4356c0e6-b15b-4dce-8255-905269334416.pdf,govpl,L2,attachment from https://www.gov.pl/web/kas/dostawcy-uslug-platniczych,ok,30737,0.0545,9
raw/govpl/govpl_attach_f53cb6d5-9f9b-4a1e-ae5d-a904ac98d2cc.pdf,govpl,L2,attachment from https://www.gov.pl/web/kas/dostawcy-uslug-platniczych,ok,16259,0.0242,4
raw/govpl/govpl_attach_bc9622e2-b7b1-4c4c-8606-4c618d42c394.pdf,govpl,L2,attachment from https://www.gov.pl/web/kas/dostawcy-uslug-platniczych,low_polish,19280,0.0,2
raw/govpl/govpl_attach_fe8aebe8-5921-43b1-bebc-bff0892ce487.pdf,govpl,L2,attachment from https://www.gov.pl/web/kas/dostawcy-uslug-platniczych,ok,18872,0.0231,5
raw/govpl/govpl_attach_3936d2ff-bb0d-4d79-9da5-8757c4ac9c93.pdf,govpl,L2,attachment from https://www.gov.pl/web/kas/dostawcy-uslug-platniczych,off_topic,1632,0.0337,0
raw/govpl_html/govpl_edukacja-i-akcje-informacyjne-kas.html,govpl,L2,Edukacja i akcje informacyjne KAS - Ministerstwo Finansów - Krajowa Administracja Skarbowa - Portal ,ok,5103,0.0314,4
raw/govpl_html/govpl_egzekucja-administracyjna.html,govpl,L2,Egzekucja administracyjna - Ministerstwo Finansów - Krajowa Administracja Skarbowa - Portal Gov.pl,ok,5011,0.0323,4
raw/govpl_html/govpl_e-doreczenia.html,govpl,L2,e-Doręczenia - e-Doręczenia - Portal Gov.pl,off_topic,5356,0.0528,1
raw/govpl_html/govpl_uslugi-dla-przedsiebiorcy.html,govpl,L2,Usługi dla przedsiębiorcy - Gov.pl - Portal Gov.pl,ok,904203,0.0404,18
raw/kis/kis_0112-KDSL1-1_4011_168_2026_2_AK.html,kis,L3,KIS 0112-KDSL1-1.4011.168.2026.2.AK — Preferencyjne opodatkowanie dochodów generowanych przez prawa ,ok,122430,0.0423,15
raw/kis/kis_0115-KDST2-2_4011_71_2026_3_MH.html,kis,L3,"KIS 0115-KDST2-2.4011.71.2026.3.MH — Możliwość zastosowania 8,5% stawki zryczałtowanego podatku doch",ok,36325,0.04,10
raw/kis/kis_0112-KDSL1-2_4011_153_2026_2_JN.html,kis,L3,"KIS 0112-KDSL1-2.4011.153.2026.2.JN — Opodatkowanie stawką ryczałtu 8,5% świadczonych usług dotycząc",ok,46877,0.0376,11
raw/kis/kis_0115-KDST2-1_4011_90_2026_3_JPO.html,kis,L3,KIS 0115-KDST2-1.4011.90.2026.3.JPO — Określenie właściwej stawki zryczałtowanego podatku dochodoweg,ok,44721,0.0404,11
raw/kis/kis_0112-KDSL1-1_4011_196_2026_1_DT.html,kis,L3,KIS 0112-KDSL1-1.4011.196.2026.1.DT — Zryczałtowany podatek dochodowy od niektórych przychodów osiąg,ok,64383,0.0405,10
raw/kis/kis_0112-KDSL1-2_4011_128_2026_2_PS.html,kis,L3,KIS 0112-KDSL1-2.4011.128.2026.2.PS — Możliwość zastosowania stawki zryczałtowanego podatku dochodow,ok,55447,0.0473,13
raw/kis/kis_0115-KDST2-2_4011_116_2026_2_BM.html,kis,L3,"KIS 0115-KDST2-2.4011.116.2026.2.BM — Brak możliwość zastosowania 8,5% stawki zryczałtowanego podatk",ok,38007,0.0396,10
raw/kis/kis_0112-KDIL2-2_4011_177_2026_2_AG.html,kis,L3,KIS 0112-KDIL2-2.4011.177.2026.2.AG — Ustalenie stawki ryczałtu PKWiU 62.01.12.0,ok,32258,0.0417,13
raw/kis/kis_0113-KDIPT2-3_4011_109_2026_2_J_.html,kis,L3,KIS 0113-KDIPT2-3.4011.109.2026.2.JŚ — Możliwość zastosowania preferencyjnej stawki opodatkowania (I,ok,76543,0.0399,15
raw/kis/kis_0115-KDIT1_4011_37_2026_2_MN.html,kis,L3,KIS 0115-KDIT1.4011.37.2026.2.MN — Skutki podatkowe uczestnictwa w programie o charakterze motywacyj,ok,51364,0.0423,13
raw/kis/kis_0115-KDWT_4011_12_2026_2_AK.html,kis,L3,KIS 0115-KDWT.4011.12.2026.2.AK — Możliwość opodatkowania dochodów z kwalifikowanych praw własności ,ok,87007,0.0454,12
raw/kis/kis_0115-KDST2-1_4011_122_2026_2_NC.html,kis,L3,KIS 0115-KDST2-1.4011.122.2026.2.NC — Możliwość opodatkowania dochodów z kwalifikowanych praw własno,ok,70917,0.0428,17
raw/kis/kis_0113-KDIPT2-3_4011_134_2026_2_MS.html,kis,L3,KIS 0113-KDIPT2-3.4011.134.2026.2.MS — Kwalifikowane prawo własności intelektualnej.,ok,77291,0.0419,13
raw/kis/kis_0114-KDIP3-2_4011_154_2026_2_MG.html,kis,L3,KIS 0114-KDIP3-2.4011.154.2026.2.MG — Opodatkowanie dochodów z kwalifikowanych praw własności intele,ok,68521,0.0431,17
raw/kis/kis_0114-KDIP3-1_4011_160_2026_2_AC.html,kis,L3,KIS 0114-KDIP3-1.4011.160.2026.2.AC — Preferencyjne opodatkowanie dochodów generowanych przez prawa ,ok,81173,0.0441,13
raw/kis/kis_0115-KDIT3_4011_1003_2025_2_PS.html,kis,L3,KIS 0115-KDIT3.4011.1003.2025.2.PS — Możliwość skorzystania z ulgi badawczo-rozwojowej.,ok,133537,0.0447,17
raw/kis/kis_0111-KDIB1-3_4010_57_2026_2_ZK.html,kis,L3,KIS 0111-KDIB1-3.4010.57.2026.2.ZK — Ulga na działalność badawczo-rozwojową.,ok,114068,0.0448,13
raw/kis/kis_0113-KDIPT2-1_4011_74_2026_2_RK.html,kis,L3,KIS 0113-KDIPT2-1.4011.74.2026.2.RK — Preferencyjne opodatkowanie dochodów generowanych przez prawa ,ok,86614,0.0434,13
raw/kis/kis_0114-KDIP3-1_4011_1083_2025_3_MS2.html,kis,L3,KIS 0114-KDIP3-1.4011.1083.2025.3.MS2 — Preferencyjne opodatkowanie dochodów generowanych przez praw,ok,127984,0.0432,16
raw/kis/kis_0114-KDIP2-2_4010_54_2026_2_IN.html,kis,L3,"KIS 0114-KDIP2-2.4010.54.2026.2.IN — Opodatkowanie najmu, pożyczki, odpisów amortyzacyjnych, kosztów",ok,63469,0.0574,13
raw/kis/kis_0112-KDWL_4011_24_2026_2_JK.html,kis,L3,KIS 0112-KDWL.4011.24.2026.2.JK — Możliwość zaliczenia do KUP wartości diet z tytułu podróży służbow,ok,14478,0.0547,14
raw/kis/kis_0112-KDIL2-2_4011_182_2026_4_AA.html,kis,L3,KIS 0112-KDIL2-2.4011.182.2026.4.AA — Skutków podatkowych zmiany formy opodatkowania i zaliczenie do,ok,29651,0.0475,12
raw/kis/kis_0113-KDIPT2-3_4011_125_2026_2_PR.html,kis,L3,KIS 0113-KDIPT2-3.4011.125.2026.2.PR — Możliwość zastosowania zwolnienia przedmiotowego dotyczącego ,ok,39571,0.0406,11
raw/kis/kis_0115-KDIT1_4011_46_2026_3_MK.html,kis,L3,KIS 0115-KDIT1.4011.46.2026.3.MK — Możliwość skorzystania z ulgi na powrót.,ok,17734,0.0325,8
raw/kis/kis_0114-KDIP2-2_4010_63_2026_2_RK_AS.html,kis,L3,KIS 0114-KDIP2-2.4010.63.2026.2.RK/AS — Możliwość zaliczenia do kosztów uzyskania przychodu wydatków,ok,55768,0.0498,15
raw/kis/kis_0112-KDSL1-2_4011_146_2026_2_MO.html,kis,L3,KIS 0112-KDSL1-2.4011.146.2026.2.MO — Preferencyjne opodatkowanie dochodów generowanych przez prawa ,ok,84427,0.0417,16
raw/kis/kis_0111-KDIB1-3_4010_54_2026_1_JG.html,kis,L3,KIS 0111-KDIB1-3.4010.54.2026.1.JG — Możliwość zaliczenia do kosztów kwalifikowanych ulgi badawczo-r,ok,27073,0.0398,9
raw/kis/kis_1462-IPPB1_4511_132_2017_10_EC.html,kis,L3,KIS 1462-IPPB1.4511.132.2017.10.EC — Skutki podatkowe zwrotu darowizny w postaci nieruchomości oraz ,ok,55374,0.0507,12
raw/kis/kis_0114-KDIP4-1_4012_108_2026_2_SK.html,kis,L3,KIS 0114-KDIP4-1.4012.108.2026.2.SK — Opodatkowanie sprzedaży gruntu z przepompownią należącą do Gmi,ok,35937,0.0427,9
raw/kis/kis_0111-KDIB2-1_4010_629_2024_9_AS.html,kis,L3,KIS 0111-KDIB2-1.4010.629.2024.9.AS — W zakresie obowiązku weryfikacji statusu rzeczywistego właścic,ok,103366,0.0459,13
raw/kis/kis_0112-KDSL1-2_4011_157_2026_3_PR.html,kis,L3,KIS 0112-KDSL1-2.4011.157.2026.3.PR — Brak możliwości rozliczenia jako osoba samotnie wychowująca dz,ok,36486,0.0402,8
raw/kis/kis_0111-KDIB1-1_4010_721_2024_9_BS.html,kis,L3,KIS 0111-KDIB1-1.4010.721.2024.9.BS — Dotyczy możliwości zastosowania zasady look-through (czyli oce,ok,99137,0.0475,13
raw/kis/kis_0113-KDIPT2-2_4011_199_2026_2_ST.html,kis,L3,KIS 0113-KDIPT2-2.4011.199.2026.2.ST — Osoba samotnie wychowująca dziecko (syn wstąpił w związek mał,ok,31074,0.0432,10
raw/kis/kis_0113-KDIPT2-3_4011_113_2026_2_SJ.html,kis,L3,KIS 0113-KDIPT2-3.4011.113.2026.2.SJ — Możliwość skorzystania z ulgi badawczo-rozwojowej.,ok,74059,0.0459,15
raw/kis/kis_0113-KDIPT2-3_4011_95_2026_2_SJ.html,kis,L3,KIS 0113-KDIPT2-3.4011.95.2026.2.SJ — Możliwość skorzystania z preferencji IP Box.,ok,70117,0.0427,15
raw/govpl_html/govpl_maly-zus-plus.html,govpl,L2,Mały ZUS Plus - Ministerstwo Rozwoju i Technologii - Portal Gov.pl,ok,7951,0.041,10
raw/kis/kis_0115-KDST2-1_4011_43_2026_2_AP.html,kis,L3,KIS 0115-KDST2-1.4011.43.2026.2.AP — Określenie właściwej stawki zryczałtowanego podatku dochodowego,ok,38773,0.0422,12
raw/kis/kis_0115-KDST2-2_4011_154_2026_2_AJZ.html,kis,L3,KIS 0115-KDST2-2.4011.154.2026.2.AJZ — Możliwość opodatkowania dochodów z kwalifikowanych praw własn,ok,98069,0.0417,16
raw/kis/kis_0115-KDST2-1_4011_50_2026_2_NC.html,kis,L3,KIS 0115-KDST2-1.4011.50.2026.2.NC — Możliwość opodatkowania dochodów z kwalifikowanych praw własnoś,ok,97281,0.0424,16
raw/kis/kis_0112-KDSL1-2_4011_131_2026_2_PR.html,kis,L3,KIS 0112-KDSL1-2.4011.131.2026.2.PR — Preferencyjne opodatkowanie dochodów generowanych przez prawa ,ok,126202,0.0419,16
raw/kis/kis_0114-KDIP3-1_4011_138_2026_2_BS.html,kis,L3,KIS 0114-KDIP3-1.4011.138.2026.2.BS — Preferencyjne opodatkowanie całości dochodów generowanych prze,ok,111634,0.042,17
raw/govpl_html/govpl_rzecznikmsp.gov.pl.html,govpl,L2,Rzecznik Małych i Średnich Przedsiębiorców,ok,14578,0.0187,7
raw/govpl_html/govpl_aktualnosci.html,govpl,L2,Aktualności – Rzecznik Małych i Średnich Przedsiębiorców,ok,13043,0.0156,4
raw/kis/kis_0111-KDIB3-1_4012_156_2026_1_MSO.html,kis,L3,"KIS 0111-KDIB3-1.4012.156.2026.1.MSO — Interpretacja indywidualna w zakresie ustalenia, czy Wnioskod",ok,59796,0.0399,14
raw/govpl_html/govpl_interwencje.html,govpl,L2,Interwencje – Rzecznik Małych i Średnich Przedsiębiorców,ok,15561,0.0253,4
raw/kis/kis_0114-KDIP1-1_4012_147_2026_2_M_.html,kis,L3,KIS 0114-KDIP1-1.4012.147.2026.2.MŻ — Opodatkowanie podatkiem VAT sprzedaży niezabudowanej działki o,ok,63722,0.0532,13
raw/kis/kis_0112-KDIL1-1_4012_266_2026_1_AR.html,kis,L3,KIS 0112-KDIL1-1.4012.266.2026.1.AR — Brak prawa do odliczenia od wydatków związanych z projektem.,ok,34580,0.044,13
raw/kis/kis_0114-KDIP1-1_4012_103_2026_1_AWY.html,kis,L3,"KIS 0114-KDIP1-1.4012.103.2026.1.AWY — Prawo do odliczenia podatku VAT i moment, od którego będzie m",ok,60176,0.0381,14
raw/govpl_html/govpl_www.parp.gov.pl.html,govpl,L2,Strona główna - PARP - Centrum Rozwoju MŚP,ok,10228,0.0371,6
raw/kis/kis_0112-KDSL1-1_4011_565_2025_2_DS.html,kis,L3,KIS 0112-KDSL1-1.4011.565.2025.2.DS — Skutki podatkowe zbycia nieruchomości.,ok,61218,0.0537,12
raw/kis/kis_0112-KDIL2-1_4011_801_2025_2_JK.html,kis,L3,KIS 0112-KDIL2-1.4011.801.2025.2.JK — Skutki podatkowe objęcia udziałów w spółce z o. o. w zamian za,ok,15756,0.0532,10
raw/kis/kis_0114-KDIP1-1_4012_608_2025_1_M_.html,kis,L3,KIS 0114-KDIP1-1.4012.608.2025.1.MŻ — W zakresie ustalenia czyje dane – Spółki Dzielonej czy Spółki ,ok,47129,0.0553,14
raw/kis/kis_0114-KDIP1-1_4012_526_2025_4_ESZ.html,kis,L3,"KIS 0114-KDIP1-1.4012.526.2025.4.ESZ — Uznanie, że aport oddziału będzie transakcja niepodlegającą p",ok,75280,0.052,15
raw/kis/kis_0111-KDIB1-3_4010_429_2025_1_JMS.html,kis,L3,KIS 0111-KDIB1-3.4010.429.2025.1.JMS — Dotyczy uznania czynności dodatkowych za świadczenia kompleks,ok,42656,0.0465,13
raw/kis/kis_0114-KDIP4-2_4012_341_2025_2_KS.html,kis,L3,KIS 0114-KDIP4-2.4012.341.2025.2.KS — Prawo do odliczenia 50% podatku VAT od samochodu osobowego zak,ok,42961,0.0419,11
raw/kis/kis_0114-KDIP3-1_4011_399_2023_2_PT.html,kis,L3,KIS 0114-KDIP3-1.4011.399.2023.2.PT — PIT - w zakresie możliwości zaliczenia do kosztów uzyskania pr,ok,27587,0.048,11
raw/kis/kis_0114-KDIP1-3_4012_58_2023_2_JG.html,kis,L3,KIS 0114-KDIP1-3.4012.58.2023.2.JG — Opodatkowanie podatkiem VAT sprzedaży nieruchomości w trybie li,ok,43299,0.0477,12
raw/kis/kis_507217.html,kis,L3,KIS — Objaśnienie podatkowe z 6 kwietnia 2018 r. - Stosowanie przepisów wprowadzonych ustawą z dnia ,ok,59087,0.0359,11
raw/kis/kis_0111-KDIB3-3_4013_26_2022_2_JS.html,kis,L3,KIS 0111-KDIB3-3.4013.26.2022.2.JS — rozlewanie bazy do płynu do papierosów elektronicznych z zapłac,ok,44464,0.0386,10
raw/kis/kis_0115-KDIT2_4011_852_2021_3_ENB.html,kis,L3,KIS 0115-KDIT2.4011.852.2021.3.ENB — Opodatkowanie dochodów z kwalifikowanych praw własności intelek,ok,76570,0.0405,14
raw/kis/kis_0114-KDIP3-2_4011_871_2025_5_JK3.html,kis,L3,KIS 0114-KDIP3-2.4011.871.2025.5.JK3 — Obowiązki płatnika-udostępnianie usług cateringowych.,ok,44385,0.0513,15
raw/kis/kis_0113-KDIPT2-3_4011_526_2025_2_GG.html,kis,L3,KIS 0113-KDIPT2-3.4011.526.2025.2.GG — Obowiązki płatnika w związku z pokrywaniem kosztów zakwaterow,ok,75059,0.0457,15
raw/kis/kis_0112-KDIL2-1_4011_444_2025_1_AK.html,kis,L3,KIS 0112-KDIL2-1.4011.444.2025.1.AK — Skutki podatkowe otrzymywania renty wdowiej z Belgii.,ok,23927,0.0402,14
raw/kis/kis_0113-KDIPT2-3_4011_368_2024_2_SJ.html,kis,L3,KIS 0113-KDIPT2-3.4011.368.2024.2.SJ — Obowiązki płatnika w związku z zapewnieniem bezpłatnie swoim ,ok,60456,0.0438,13
raw/kis/kis_0113-KDIPT2-3_4011_262_2024_2_KKA.html,kis,L3,KIS 0113-KDIPT2-3.4011.262.2024.2.KKA — Skutki podatkowe sfinansowania świadczeń w postaci zakwatero,ok,74422,0.045,14
raw/kis/kis_0112-KDIL2-1_4011_443_2024_2_DJ.html,kis,L3,KIS 0112-KDIL2-1.4011.443.2024.2.DJ — Obowiązki płatnika w związku z finansowaniem pracownikom oddel,ok,58686,0.0447,13
raw/kis/kis_0111-KDIB1-1_4010_89_2026_1_RH.html,kis,L3,"KIS 0111-KDIB1-1.4010.89.2026.1.RH — Dotyczy ustalenia, czy spółka skutecznie dokonała wyboru opodat",ok,27132,0.0438,13
raw/kis/kis_0115-KDIT1_4011_39_2026_2_MT.html,kis,L3,"KIS 0115-KDIT1.4011.39.2026.2.MT — Brak ulgi na powrót dla podatnika, który przez kilka lat pracował",ok,47989,0.0394,14
raw/kis/kis_0112-KDSL1-2_4011_150_2026_2_AP.html,kis,L3,KIS 0112-KDSL1-2.4011.150.2026.2.AP — Preferencyjne opodatkowanie dochodów generowanych przez prawa ,ok,80992,0.0423,16
raw/kis/kis_0115-KDIT2_4011_105_2026_2_MD.html,kis,L3,KIS 0115-KDIT2.4011.105.2026.2.MD — Możliwość skorzystania z ulgi prorodzinnej na małoletnie dziecko,ok,21698,0.0396,8
raw/kis/kis_0114-KDWP_4011_83_2026_2_MW.html,kis,L3,KIS 0114-KDWP.4011.83.2026.2.MW — Zastosowanie kwoty wolnej w przypadku zmiany rezydencji w trakcie ,ok,18347,0.0384,10
raw/kis/kis_0111-KDIB1-1_4010_610_2025_2_SH.html,kis,L3,"KIS 0111-KDIB1-1.4010.610.2025.2.SH — Ustalenie, czy Spółka będzie uprawniona do zaliczenia do koszt",ok,36280,0.0477,10
raw/kis/kis_0114-KDIP2-1_4010_621_2023_2_AZ.html,kis,L3,KIS 0114-KDIP2-1.4010.621.2023.2.AZ — Art. 18d ust. 2 pkt 1 updop odnosi się do czasu pracy przeznac,ok,85764,0.0482,14
raw/kis/kis_0114-KDIP2-1_4010_532_2023_2_AZ.html,kis,L3,KIS 0114-KDIP2-1.4010.532.2023.2.AZ — Mogą Państwo zaliczyć do kosztów kwalifikowanych na podstawie ,ok,95491,0.0481,16
raw/kis/kis_0114-KDIP4-1_4012_731_2025_2_BS.html,kis,L3,KIS 0114-KDIP4-1.4012.731.2025.2.BS — Opodatkowanie czynności świadczonych na rzecz Odbiorców zewnęt,ok,129615,0.0509,13
raw/kis/kis_0112-KDIL1-2_4012_746_2025_2_AW.html,kis,L3,KIS 0112-KDIL1-2.4012.746.2025.2.AW — Prawo do odliczenia podatku naliczonego od wydatków inwestycyj,ok,142379,0.0448,12
raw/kis/kis_0114-KDIP4-2_4012_76_2026_1_AA.html,kis,L3,KIS 0114-KDIP4-2.4012.76.2026.1.AA — Zastosowanie zwolnienia od podatku VAT dla usługi organizacji o,ok,47216,0.0482,12
raw/kis/kis_0111-KDIB3-2_4012_10_2021_1_MGO.html,kis,L3,KIS 0111-KDIB3-2.4012.10.2021.1.MGO — Prawo do odliczenia podatku naliczonego w związku z wydatkami ,ok,115213,0.0471,15
raw/kis/kis_0114-KDIP4-1_4012_710_2025_2_SK.html,kis,L3,KIS 0114-KDIP4-1.4012.710.2025.2.SK — Prewspółczynnik w oparciu o liczbę wejść na Pływalnię.,ok,189606,0.0518,14
raw/kis/kis_0111-KDIB3-3_4013_36_2023_2_MAZ.html,kis,L3,KIS 0111-KDIB3-3.4013.36.2023.2.MAZ — Należy uznać lakiernie za zorganizowane części przedsiębiorstw,ok,71609,0.0467,14
raw/kis/kis_0115-KDIT3_4011_12_2023_2_MJ.html,kis,L3,KIS 0115-KDIT3.4011.12.2023.2.MJ — Zakup karnisza elektrycznego wraz z zasłoną stanowi wydatek na ad,ok,24334,0.0439,8
raw/kis/kis_IPPP3_443-99_14-2_JK.html,kis,L3,KIS IPPP3/443-99/14-2/JK — wyroby gazowe - zakład energochłonny,ok,49330,0.0494,13
raw/kis/kis_0113-KDIPT2-2_4011_432_2018_1_MK.html,kis,L3,KIS 0113-KDIPT2-2.4011.432.2018.1.MK — możliwość uwzględnienia w ramach ulgi rehabilitacyjnej wydatk,ok,46824,0.0448,14
raw/kis/kis_IPTPP2_4512-97_15-4_PRP.html,kis,L3,KIS IPTPP2/4512-97/15-4/PRP — w zakresie braku prawa do zwrotu podatku VAT w związku z realizacją pr,ok,24526,0.0453,9
raw/kis/kis_0113-KDIPT2-2_4011_67_2026_2_KK.html,kis,L3,KIS 0113-KDIPT2-2.4011.67.2026.2.KK — Zaliczenie wydatków do ulgi mieszkaniowej.,ok,39913,0.0421,12
raw/kis/kis_0115-KDIT2_4011_135_2026_2_DT.html,kis,L3,KIS 0115-KDIT2.4011.135.2026.2.DT — Możliwość skorzystania z ulgi prorodzinnej w stosunku do pełnole,ok,25227,0.0415,11
raw/kis/kis_0115-KDIT2_4011_169_2026_2_DT.html,kis,L3,KIS 0115-KDIT2.4011.169.2026.2.DT — Możliwość skorzystania z rozliczenia w sposób przewidziany dla o,ok,17035,0.0375,7
raw/kis/kis_0112-KDIL2-1_4011_202_2026_4_MKA.html,kis,L3,KIS 0112-KDIL2-1.4011.202.2026.4.MKA — Opodatkowanie sprzedaży działek.,ok,35225,0.0624,10
raw/biznes_html/bizgov_00115.html,biznes_gov,L2,"Działalność nierejestrowana i inne rodzaje działalności, których nie t | Biznes.gov.pl - Serwis info",ok,41517,0.0536,20
raw/biznes_html/bizgov_00116.html,biznes_gov,L2,"Koncesja, zezwolenie lub wpis do rejestru działalności regulowanej. | Biznes.gov.pl - Serwis informa",ok,19132,0.0482,9
raw/biznes_html/bizgov_00117.html,biznes_gov,L2,Jak nazwać firmę | Biznes.gov.pl - Serwis informacyjno-usługowy dla przedsiebiorcy,ok,13028,0.0529,11
raw/biznes_html/bizgov_00118.html,biznes_gov,L2,Gdzie przedsiębiorca prowadzi działalność – adresy przedsiębiorcy | Biznes.gov.pl - Serwis informacy,ok,13888,0.0495,14
raw/biznes_html/bizgov_00119.html,biznes_gov,L2,Jak wybrać i zmienić kod PKD | Biznes.gov.pl - Serwis informacyjno-usługowy dla przedsiebiorcy,ok,20790,0.057,11
raw/biznes_html/bizgov_00120.html,biznes_gov,L2,Co musisz wiedzieć zanim zarejestrujesz firmę | Biznes.gov.pl - Serwis informacyjno-usługowy dla prz,ok,22508,0.055,14
raw/biznes_html/bizgov_00124.html,biznes_gov,L2,Kiedy przedsiębiorca może popełnić błąd i uniknąć kary | Biznes.gov.pl - Serwis informacyjno-usługow,ok,7381,0.05,7
raw/biznes_html/bizgov_0516.html,biznes_gov,L2,Informacje | Biznes.gov.pl - Serwis informacyjno-usługowy dla przedsiebiorcy,ok,5749,0.0397,11
raw/biznes_html/bizgov_00161.html,biznes_gov,L2,Spółka jawna – podstawowe informacje | Biznes.gov.pl - Serwis informacyjno-usługowy dla przedsiebior,ok,17244,0.0641,14
raw/biznes_html/bizgov_00162.html,biznes_gov,L2,Spółka partnerska – podstawowe informacje | Biznes.gov.pl - Serwis informacyjno-usługowy dla przedsi,ok,14488,0.0614,14
raw/biznes_html/bizgov_00163.html,biznes_gov,L2,Spółka komandytowo-akcyjna – podstawowe informacje | Biznes.gov.pl - Serwis informacyjno-usługowy dl,ok,22176,0.0558,12
raw/biznes_html/bizgov_00164.html,biznes_gov,L2,Spółka komandytowa – podstawowe informacje | Biznes.gov.pl - Serwis informacyjno-usługowy dla przeds,ok,15768,0.0599,15
raw/biznes_html/bizgov_00170.html,biznes_gov,L2,Kto może prowadzić działalność gospodarczą w Polsce | Biznes.gov.pl - Serwis informacyjno-usługowy d,ok,17042,0.0563,9
raw/biznes_html/bizgov_00171.html,biznes_gov,L2,W jakiej formie można prowadzić firmę. Firma jednoosobowa a spółki. | Biznes.gov.pl - Serwis informa,ok,41174,0.0756,14
raw/biznes_html/bizgov_00226.html,biznes_gov,L2,Biała lista podatników VAT – narzędzie do sprawdzania kontrahentó | Biznes.gov.pl - Serwis informacy,ok,15562,0.0453,10
raw/biznes_html/bizgov_00228.html,biznes_gov,L2,Co zrobić z błędem na fakturze lub po zgubieniu faktury | Biznes.gov.pl - Serwis informacyjno-usługo,ok,19779,0.047,11
raw/biznes_html/bizgov_00230.html,biznes_gov,L2,Jak odliczyć składki ZUS przy rozliczaniu podatku | Biznes.gov.pl - Serwis informacyjno-usługowy dla,ok,18428,0.0551,11
raw/biznes_html/bizgov_00232.html,biznes_gov,L2,Jak prawidłowo rozliczyć VAT | Biznes.gov.pl - Serwis informacyjno-usługowy dla przedsiebiorcy,ok,21085,0.0529,12
raw/biznes_html/bizgov_00233.html,biznes_gov,L2,Jak prowadzić podatkową księgę przychodów i rozchodów (PKPiR) Sprawdź | Biznes.gov.pl - Serwis infor,ok,33114,0.054,14
raw/biznes_html/bizgov_00234.html,biznes_gov,L2,Jak rozliczać PIT pracownika | Biznes.gov.pl - Serwis informacyjno-usługowy dla przedsiebiorcy,ok,13423,0.0481,11
raw/biznes_html/bizgov_00235.html,biznes_gov,L2,Jak rozliczać przychody z różnych źródeł | Biznes.gov.pl - Serwis informacyjno-usługowy dla przedsie,ok,15125,0.0582,10
raw/biznes_html/bizgov_00236.html,biznes_gov,L2,"Jak składać deklaracje podatkowe: PIT, CIT, VAT i inne | Biznes.gov.pl - Serwis informacyjno-usługow",ok,31318,0.0464,16
raw/biznes_html/bizgov_00237.html,biznes_gov,L2,Jak składać JPK_VAT z deklaracją | Biznes.gov.pl - Serwis informacyjno-usługowy dla przedsiebiorcy,ok,18463,0.0489,14
raw/biznes_html/bizgov_00239.html,biznes_gov,L2,Jak wystawiać faktury VAT | Biznes.gov.pl - Serwis informacyjno-usługowy dla przedsiebiorcy,ok,22776,0.0489,12
raw/biznes_html/bizgov_00241.html,biznes_gov,L2,Jakie są rodzaje faktur | Biznes.gov.pl - Serwis informacyjno-usługowy dla przedsiebiorcy,ok,23553,0.0472,15
raw/biznes_html/bizgov_0091.html,biznes_gov,L2,Pełnomocnicy i przedstawiciele podatkowi | Biznes.gov.pl - Serwis informacyjno-usługowy dla przedsie,ok,19242,0.0445,11
raw/biznes_html/bizgov_0212.html,biznes_gov,L2,Spółki cywilne | Biznes.gov.pl - Serwis informacyjno-usługowy dla przedsiebiorcy,ok,6076,0.0523,5
raw/biznes_html/bizgov_0214.html,biznes_gov,L2,Pełnomocnik | Biznes.gov.pl - Serwis informacyjno-usługowy dla przedsiebiorcy,ok,5976,0.0475,6
raw/biznes_html/bizgov_0215.html,biznes_gov,L2,Podatki | Biznes.gov.pl - Serwis informacyjno-usługowy dla przedsiebiorcy,ok,10531,0.0472,8
raw/biznes_html/bizgov_0222.html,biznes_gov,L2,Zatrudnienie pracownika | Biznes.gov.pl - Serwis informacyjno-usługowy dla przedsiebiorcy,ok,10327,0.0396,7
raw/biznes_html/bizgov_0223.html,biznes_gov,L2,Etat | Biznes.gov.pl - Serwis informacyjno-usługowy dla przedsiebiorcy,ok,10156,0.0469,7
raw/biznes_html/bizgov_0224.html,biznes_gov,L2,Dzieło | Biznes.gov.pl - Serwis informacyjno-usługowy dla przedsiebiorcy,ok,4240,0.0392,6
raw/biznes_html/bizgov_0225.html,biznes_gov,L2,Zlecenie | Biznes.gov.pl - Serwis informacyjno-usługowy dla przedsiebiorcy,ok,4244,0.0386,6
raw/biznes_html/bizgov_0228.html,biznes_gov,L2,Prawa pracownika | Biznes.gov.pl - Serwis informacyjno-usługowy dla przedsiebiorcy,ok,9863,0.0425,8
raw/biznes_html/bizgov_0229.html,biznes_gov,L2,Obowiązki pracodawcy | Biznes.gov.pl - Serwis informacyjno-usługowy dla przedsiebiorcy,ok,10159,0.0433,5
raw/biznes_html/bizgov_0232.html,biznes_gov,L2,Wynagrodzenie | Biznes.gov.pl - Serwis informacyjno-usługowy dla przedsiebiorcy,ok,4899,0.0392,5
raw/biznes_html/bizgov_026.html,biznes_gov,L2,Działalność nierejestrowa | Biznes.gov.pl - Serwis informacyjno-usługowy dla przedsiebiorcy,ok,3663,0.0377,4
raw/biznes_html/bizgov_0244.html,biznes_gov,L2,PIT | Biznes.gov.pl - Serwis informacyjno-usługowy dla przedsiebiorcy,ok,9687,0.0467,9
raw/biznes_html/bizgov_0245.html,biznes_gov,L2,CIT | Biznes.gov.pl - Serwis informacyjno-usługowy dla przedsiebiorcy,ok,8141,0.0488,8
raw/biznes_html/bizgov_0253.html,biznes_gov,L2,Składki ZUS | Biznes.gov.pl - Serwis informacyjno-usługowy dla przedsiebiorcy,ok,9862,0.0547,8
raw/biznes_html/bizgov_02132.html,biznes_gov,L2,Faktury i paragony | Biznes.gov.pl - Serwis informacyjno-usługowy dla przedsiebiorcy,ok,5830,0.0467,8
raw/biznes_html/bizgov_02140.html,biznes_gov,L2,Podatek liniowy | Biznes.gov.pl - Serwis informacyjno-usługowy dla przedsiebiorcy,ok,4798,0.0404,6
raw/biznes_html/bizgov_02141.html,biznes_gov,L2,Ryczałt od przychodów ewidencjonowanych | Biznes.gov.pl - Serwis informacyjno-usługowy dla przedsieb,ok,5034,0.0411,6
raw/biznes_html/bizgov_02145.html,biznes_gov,L2,Instrukcje | Biznes.gov.pl - Serwis informacyjno-usługowy dla przedsiebiorcy,ok,7213,0.047,5
raw/biznes_html/bizgov_02148.html,biznes_gov,L2,Bezpieczeństwo firmy | Biznes.gov.pl - Serwis informacyjno-usługowy dla przedsiebiorcy,ok,7256,0.0438,10
raw/biznes_html/bizgov_02149.html,biznes_gov,L2,Zakładanie spółki handlowej | Biznes.gov.pl - Serwis informacyjno-usługowy dla przedsiebiorcy,ok,10365,0.0576,6
raw/biznes_html/bizgov_00151.html,biznes_gov,L2,Pełnomocnik przedsiębiorcy wpisanego do CEIDG | Biznes.gov.pl - Serwis informacyjno-usługowy dla prz,ok,18864,0.0519,9
raw/biznes_html/bizgov_00157.html,biznes_gov,L2,Jak firma może zapobiegać zatorom płatniczym | Biznes.gov.pl - Serwis informacyjno-usługowy dla prze,ok,33793,0.0596,14
raw/biznes_html/bizgov_00108.html,biznes_gov,L2,Prawa i obowiązki pracodawcy | Biznes.gov.pl - Serwis informacyjno-usługowy dla przedsiebiorcy,ok,11767,0.037,9
raw/biznes_html/bizgov_0084.html,biznes_gov,L2,Jak zawrzeć umowę cywilnoprawną: umowę-zlecenie lub umowę o dzieło | Biznes.gov.pl - Serwis informac,ok,21272,0.0517,14
raw/biznes_html/bizgov_firma.html,biznes_gov,L2,Informacje | Biznes.gov.pl - Serwis informacyjno-usługowy dla przedsiebiorcy,ok,5749,0.0397,11
raw/biznes_html/bizgov_zakladanie-firmy.html,biznes_gov,L2,Zakładanie i rejestracja firmy | Biznes.gov.pl - Serwis informacyjno-usługowy dla przedsiebiorcy,ok,9959,0.0533,5
raw/biznes_html/bizgov_podatki-i-ksiegowosc.html,biznes_gov,L2,Podatki i księgowość | Biznes.gov.pl - Serwis informacyjno-usługowy dla przedsiebiorcy,ok,8934,0.0498,10
raw/biznes_html/bizgov_pracownicy-w-firmie.html,biznes_gov,L2,Pracownicy | Biznes.gov.pl - Serwis informacyjno-usługowy dla przedsiebiorcy,ok,9907,0.0428,6
raw/biznes_html/bizgov_zamykanie-firmy.html,biznes_gov,L2,Zakończenie i likwidacja firmy | Biznes.gov.pl - Serwis informacyjno-usługowy dla przedsiebiorcy,ok,6783,0.0491,5
raw/biznes_html/bizgov_sprawy-urzedowe.html,biznes_gov,L2,Jak korzystać z portalu | Biznes.gov.pl - Serwis informacyjno-usługowy dla przedsiebiorcy,ok,6701,0.0464,4
raw/biznes_html/bizgov_obowiazki-przedsiebiorcy.html,biznes_gov,L2,Obowiązki pracodawcy | Biznes.gov.pl - Serwis informacyjno-usługowy dla przedsiebiorcy,ok,10159,0.0433,5
raw/biznes_html/bizgov_rozwoj-firmy.html,biznes_gov,L2,Rozwój firmy | Biznes.gov.pl - Serwis informacyjno-usługowy dla przedsiebiorcy,ok,10874,0.0476,7
raw/biznes_html/bizgov_handel-zagraniczny.html,biznes_gov,L2,Import i eksport | Biznes.gov.pl - Serwis informacyjno-usługowy dla przedsiebiorcy,ok,7400,0.0422,8
raw/biznes_html/bizgov_inwestycje-budowlane.html,biznes_gov,L2,Prawo budowlane | Biznes.gov.pl - Serwis informacyjno-usługowy dla przedsiebiorcy,ok,11322,0.043,6
raw/biznes_gov/bizgov_Lista-uprawnie_.pdf.pdf,biznes_gov,L2,.,ok,27541,0.0255,5
raw/biznes_gov/bizgov_zalacznik_1_pelnomocncitwo_do_skladania_deklaracji_w_wersji_papierowej.pdf.pdf,biznes_gov,L2,formularz UPL-1P,off_topic,9752,0.0065,0
