id,url,source,topic_ids,layer,format,fetched_at,http_status,content_type,bytes,relative_path,title,last_modified,is_official,eli_id,parent_url,discovery_source,sha256,quality_flag,notes
bb87011289bd12f1,https://api.sejm.gov.pl/eli/acts/DU/1974/24/text.pdf,eli,kp_czas_pracy;kp_umowa_o_prace,L1,pdf,2026-04-25T09:37:07Z,200,application/pdf,292265,raw/legislation/eli_DU_1974_24.pdf,Kodeks pracy,,True,DU/1974/24,,seed,bb87011289bd12f1c2e8e291c092167b68b9e4db5b0f9aa76ccd51264ada4973,accepted,MUST act per spec 5.1
954fed434b8cc47e,https://api.sejm.gov.pl/eli/acts/DU/1991/80/text.pdf,eli,pit_amortyzacja;pit_ip_box;pit_kup;pit_liniowy;pit_skala,L1,pdf,2026-04-25T09:37:11Z,200,application/pdf,3302690,raw/legislation/eli_DU_1991_80.pdf,Ustawa o podatku dochodowym od osob fizycznych (PIT),,True,DU/1991/80,,seed,954fed434b8cc47e9cf55d14a8169941b4400df7188a9968ef39d234c801f686,accepted,MUST act per spec 5.1
e304cd18b03e2b71,https://api.sejm.gov.pl/eli/acts/DU/1998/144/text.pdf,eli,pit_ewidencja_ryczalt;pit_karta_podatkowa;pit_ryczalt;pit_stawki_ryczalt_pkd,L1,pdf,2026-04-25T09:37:12Z,200,application/pdf,923436,raw/legislation/eli_DU_1998_144.pdf,Ustawa o zryczaltowanym podatku dochodowym od niektorych przychodow (ryczalt),,True,DU/1998/144,,seed,e304cd18b03e2b717a76be55f873f14ff39d03c84560d18b21000119863f0ce9,accepted,MUST act per spec 5.1
1338f4016b7e2d0a,https://api.sejm.gov.pl/eli/acts/DU/2004/535/text.pdf,eli,vat_biala_lista;vat_jpk;vat_ksef;vat_marza;vat_rejestracja;vat_stawki;vat_ue;vat_zwolnienie_200k,L1,pdf,2026-04-25T09:37:13Z,200,application/pdf,565874,raw/legislation/eli_DU_2004_535.pdf,Ustawa o podatku od towarow i uslug (VAT),,True,DU/2004/535,,seed,1338f4016b7e2d0a0cad38af78dab8b0edad2612d883e96345bf16677c1c517a,accepted,MUST act per spec 5.1
9bd2ae274db98028,https://api.sejm.gov.pl/eli/acts/DU/2018/646/text.pdf,eli,ceidg_dzialalnosc_nierejestrowana;ceidg_zawieszenie;zus_ulga_na_start;zus_zawieszenie_dzialalnosci,L1,pdf,2026-04-25T09:37:14Z,200,application/pdf,340111,raw/legislation/eli_DU_2018_646.pdf,Prawo przedsiebiorcow,,True,DU/2018/646,,seed,9bd2ae274db98028733d3f8b76b1604afa249f54813ea3baa47c711e49e6f692,accepted,MUST act per spec 5.1
1a4ee09b51efc737,https://api.sejm.gov.pl/eli/acts/DU/1998/137/text.pdf,eli,zus_maly_zus_plus;zus_podstawa_wymiaru;zus_preferencyjny;zus_wakacje_skladkowe;zus_zasilek_chorobowy_jdg;zus_zua_zwua_dra,L1,pdf,2026-04-25T09:37:15Z,200,application/pdf,492180,raw/legislation/eli_DU_1998_137.pdf,Ustawa o systemie ubezpieczen spolecznych,,True,DU/1998/137,,seed,1a4ee09b51efc7374e5e8f14029a8af11fc3f995f346c240c222c7f10f27f6df,accepted,MUST act per spec 5.1
d5c949dabcf44f4b,https://api.sejm.gov.pl/eli/acts/DU/2018/1000/text.pdf,eli,rodo_iod;rodo_mala_firma;rodo_naruszenie,L1,pdf,2026-04-25T09:37:17Z,200,application/pdf,840794,raw/legislation/eli_DU_2018_1000.pdf,Ustawa o ochronie danych osobowych,,True,DU/2018/1000,,seed,d5c949dabcf44f4ba841d35938ee8c6661f1b2a0a25077427f7086b0cbb14203,accepted,MUST act per spec 5.1
51f7dd566c688808,https://eur-lex.europa.eu/legal-content/PL/TXT/PDF/?uri=CELEX:02016R0679-20160504,eurlex,rodo_iod;rodo_klauzula_informacyjna;rodo_mala_firma;rodo_naruszenie;rodo_rejestr_czynnosci,L1,pdf,2026-04-25T09:37:18Z,200,application/pdf,821597,raw/eurlex/celex_02016R0679-20160504.pdf,RODO (Rozporzadzenie 2016/679) - tekst skonsolidowany PL,,True,CELEX:02016R0679-20160504,,seed,51f7dd566c6888082ca9cd460c90a44613d037bf402306b444de1b467eb8d5a0,accepted,MUST act per spec 5.1 (EUR-Lex)
02eb7cb764bfecd0,https://api.sejm.gov.pl/eli/acts/DU/2025/1299/text.pdf,eli,pit_kpir,L1,pdf,2026-04-25T09:38:32Z,200,application/pdf,973918,raw/legislation/eli_DU_2025_1299.pdf,Rozporządzenie Ministra Finansów i Gospodarki z dnia 6 września 2025 r. w sprawie prowadzenia podatkowej księgi przychodów i rozchodów,,True,DU/2025/1299,,references_api,02eb7cb764bfecd04d04eadb4de686ce0b3ba5e726abafc1cc564a5e9b318331,accepted,status=obowiązujący inForce=IN_FORCE
6d656c743673120e,https://api.sejm.gov.pl/eli/acts/DU/2025/1880/text.pdf,eli,pit_ewidencja_ryczalt,L1,pdf,2026-04-25T09:38:34Z,200,application/pdf,619742,raw/legislation/eli_DU_2025_1880.pdf,Rozporządzenie Ministra Finansów i Gospodarki z dnia 22 grudnia 2025 r. w sprawie prowadzenia uproszczonej ewidencji przychodów i kosztów przez niektóre organizacje pozarządowe oraz stowarzyszenia jednostek samorządu terytorialnego,,True,DU/2025/1880,,references_api,6d656c743673120e7b069ed847c4ee200b9cae9f69fe582d14bf2463d6009d51,accepted,status=obowiązujący inForce=IN_FORCE
1211198141690daf,https://api.sejm.gov.pl/eli/acts/DU/2025/1800/text.pdf,eli,vat_jpk,L1,pdf,2026-04-25T09:38:35Z,200,application/pdf,161027,raw/legislation/eli_DU_2025_1800.pdf,Rozporządzenie Ministra Finansów i Gospodarki z dnia 12 grudnia 2025 r. w sprawie zmiany rozporządzenia zmieniającego rozporządzenie w sprawie szczegółowego zakresu danych zawartych w deklaracjach podatkowych i w ewidencji w zakresie podatku od towarów i usług,,True,DU/2025/1800,,references_api,1211198141690dafa343466e55a0d4430315732fb075bdea0d2e7393bb0db9d7,accepted,status=obowiązujący inForce=IN_FORCE
b0ab8d3c86f623a3,https://api.sejm.gov.pl/eli/acts/DU/2025/1742/text.pdf,eli,vat_ksef,L1,pdf,2026-04-25T09:38:37Z,200,application/pdf,170051,raw/legislation/eli_DU_2025_1742.pdf,Rozporządzenie Ministra Finansów i Gospodarki z dnia 7 grudnia 2025 r. zmieniające rozporządzenie w sprawie wystawiania faktur,,True,DU/2025/1742,,references_api,b0ab8d3c86f623a340c58b15646c9591dddce8537df8f631c166b0e1a66121cb,accepted,status=obowiązujący inForce=IN_FORCE
2026448591adb767,https://api.sejm.gov.pl/eli/acts/DU/2026/418/text.pdf,eli,vat_stawki,L1,pdf,2026-04-25T09:38:39Z,200,application/pdf,154021,raw/legislation/eli_DU_2026_418.pdf,Rozporządzenie Ministra Finansów i Gospodarki z dnia 29 marca 2026 r. w sprawie zmiany rozporządzenia zmieniającego rozporządzenie w sprawie obniżonych stawek podatku od towarów i usług,,True,DU/2026/418,,references_api,2026448591adb767399618d59ef6b788e5b10fb311a25b0a96a6222154e79d8d,accepted,status=obowiązujący inForce=IN_FORCE
2265a3b3b99b3828,https://api.sejm.gov.pl/eli/acts/DU/2023/912/text.pdf,eli,kp_swiadectwo_pracy,L1,pdf,2026-04-25T09:38:42Z,200,application/pdf,733839,raw/legislation/eli_DU_2023_912.pdf,Rozporządzenie Ministra Rodziny i Polityki Społecznej z dnia 11 maja 2023 r. zmieniające rozporządzenie w sprawie świadectwa pracy,,True,DU/2023/912,,references_api,2265a3b3b99b3828e315f37be2586e775727baab5f14194737e926bfe6d96bbc,accepted,status=akt objęty tekstem jednolitym inForce=IN_FORCE
3b87eb584fc853f4,https://api.sejm.gov.pl/eli/acts/DU/2025/1640/text.pdf,eli,,L1,pdf,2026-04-25T09:38:44Z,200,application/pdf,183182,raw/legislation/eli_DU_2025_1640.pdf,"Rozporządzenie Ministra Rodziny, Pracy i Polityki Społecznej z dnia 24 listopada 2025 r. zmieniające rozporządzenie w sprawie szkolenia w dziedzinie bezpieczeństwa i higieny pracy",,True,DU/2025/1640,,references_api,3b87eb584fc853f4d824a995a9f34b413c33cc78c9ac31657e4b5658802e8917,accepted,status=obowiązujący inForce=IN_FORCE
7a87ac3451d161dc,https://api.sejm.gov.pl/eli/acts/DU/2024/1936/text.pdf,eli,,L1,pdf,2026-04-25T09:39:57Z,200,application/pdf,72752817,raw/legislation/eli_DU_2024_1936.pdf,Rozporządzenie Rady Ministrów z dnia 18 grudnia 2024 r. w sprawie Polskiej Klasyfikacji Działalności (PKD),,True,DU/2024/1936,,references_api,7a87ac3451d161dca64aa1e463239a3792fe51a3f3eb2e9126d2e20da6d60e01,accepted,status=obowiązujący inForce=IN_FORCE
9ffe90ea749a8223,https://api.sejm.gov.pl/eli/acts/DU/2026/184/text.pdf,eli,kp_umowa_o_dzielo;kp_umowa_zlecenie,L1,pdf,2026-04-25T09:39:58Z,200,application/pdf,186002,raw/legislation/eli_DU_2026_184.pdf,Ustawa z dnia 23 stycznia 2026 r. o zmianie ustawy o rzeczach znalezionych oraz ustawy - Kodeks cywilny,,True,DU/2026/184,,references_api,9ffe90ea749a82231342648a82fcf0e8b2964d6b838b9effb0c6efaffb934d93,accepted,status=obowiązujący inForce=IN_FORCE
90e0d5c0c2057d4d,https://api.sejm.gov.pl/eli/acts/DU/2026/375/text.pdf,eli,zus_skladka_zdrowotna_jdg,L1,pdf,2026-04-25T09:40:00Z,200,application/pdf,175656,raw/legislation/eli_DU_2026_375.pdf,"Obwieszczenie Ministra Zdrowia z dnia 9 marca 2026 r. w sprawie ogłoszenia jednolitego tekstu rozporządzenia Ministra Zdrowia w sprawie kosztów, których wysokość nie jest zależna od parametrów wskazanych w art. 118 ust. 3 ustawy z dnia 27 sierpnia 2004 r. o świadczeniach opieki zdrowotnej finansowanych ze środków publicznych",,True,DU/2026/375,,references_api,90e0d5c0c2057d4dd6172ca246300fbdb2edb6aeb5fc626762194342bd3aad62,accepted,status=obowiązujący inForce=IN_FORCE
6b15c712fc8c716a,https://api.sejm.gov.pl/eli/acts/DU/2026/441/text.pdf,eli,zus_zasilek_chorobowy_jdg,L1,pdf,2026-04-25T09:40:02Z,200,application/pdf,169567,raw/legislation/eli_DU_2026_441.pdf,Ustawa z dnia 13 lutego 2026 r. o zmianie ustawy o świadczeniach pieniężnych z ubezpieczenia społecznego w razie choroby i macierzyństwa,,True,DU/2026/441,,references_api,6b15c712fc8c716acc5ea066b4b9680f863e880b34a86e1c8befff1b7b01fc23,accepted,status=obowiązujący inForce=IN_FORCE
5d16d095eb3fc506,https://api.sejm.gov.pl/eli/acts/DU/2026/425/text.pdf,eli,zus_emerytura_jdg,L1,pdf,2026-04-25T09:40:03Z,200,application/pdf,144086,raw/legislation/eli_DU_2026_425.pdf,Ustawa z dnia 13 lutego 2026 r. o zmianie ustawy o emeryturach i rentach z Funduszu Ubezpieczeń Społecznych,,True,DU/2026/425,,references_api,5d16d095eb3fc506c6bbebf7074a766c149297c4f76d3ab2ed4400a5945ebba8,accepted,status=obowiązujący inForce=IN_FORCE
9e0a2839034b10bf,https://api.sejm.gov.pl/eli/acts/DU/2026/507/text.pdf,eli,,L1,pdf,2026-04-25T09:40:05Z,200,application/pdf,430801,raw/legislation/eli_DU_2026_507.pdf,Ustawa z dnia 13 marca 2026 r. o zmianie ustawy o Centralnej Ewidencji i Informacji o Działalności Gospodarczej i Punkcie Informacji dla Przedsiębiorcy oraz niektórych innych ustaw,,True,DU/2026/507,,references_api,9e0a2839034b10bf50adceaff753444db09f2f49e173950454f6dc81a09760ec,accepted,status=obowiązujący inForce=IN_FORCE
9e03dcc2c095d686,https://api.sejm.gov.pl/eli/acts/DU/2025/633/text.pdf,eli,,L1,pdf,2026-04-25T09:40:09Z,200,application/pdf,1319156,raw/legislation/eli_DU_2025_633.pdf,Obwieszczenie Marszałka Sejmu Rzeczypospolitej Polskiej z dnia 10 kwietnia 2025 r. w sprawie ogłoszenia jednolitego tekstu ustawy - Kodeks karny skarbowy,,True,DU/2025/633,,references_api,9e03dcc2c095d686e9e3fe232dd398d69462d5d3350ebdb696a3a50cb5da6d81,accepted,status=obowiązujący inForce=IN_FORCE
a0bdf84abcc29bee,https://api.sejm.gov.pl/eli/acts/DU/2025/1417/text.pdf,eli,,L1,pdf,2026-04-25T09:40:11Z,200,application/pdf,151476,raw/legislation/eli_DU_2025_1417.pdf,Ustawa z dnia 12 września 2025 r. o zmianie ustawy - Ordynacja podatkowa,,True,DU/2025/1417,,references_api,a0bdf84abcc29bee8957a06cc7c6a791c3e4af8dc5a2e4f8da07a7ca5ef9c645,accepted,status=obowiązujący inForce=IN_FORCE
c491190afeb7237e,https://api.sejm.gov.pl/eli/acts/DU/2025/1071/text.pdf,eli,kp_umowa_o_dzielo;kp_umowa_zlecenie,L1,pdf,2026-04-25T09:41:18Z,200,application/pdf,1245943,raw/legislation/eli_DU_2025_1071.pdf,Obwieszczenie Marszałka Sejmu Rzeczypospolitej Polskiej z dnia 25 lipca 2025 r. w sprawie ogłoszenia jednolitego tekstu ustawy - Kodeks cywilny,,True,DU/2025/1071,,search_consolidated,c491190afeb7237e1aadc7ab4408ab1f699dad627e7276744ac0294e56eab255,accepted,status=obowiązujący inForce=IN_FORCE consolidated_attempt
6b1219883e69636d,https://api.sejm.gov.pl/eli/acts/DU/2025/1461/text.pdf,eli,zus_skladka_zdrowotna_jdg,L1,pdf,2026-04-25T09:41:23Z,200,application/pdf,4137020,raw/legislation/eli_DU_2025_1461.pdf,Obwieszczenie Marszałka Sejmu Rzeczypospolitej Polskiej z dnia 26 września 2025 r. w sprawie ogłoszenia jednolitego tekstu ustawy o świadczeniach opieki zdrowotnej finansowanych ze środków publicznych,,True,DU/2025/1461,,search_consolidated,6b1219883e69636dd4c7c7d1a864297af574db11c9a1ea1adc58f6b330b652d3,accepted,status=obowiązujący inForce=IN_FORCE consolidated_attempt
24f10544e4cec594,https://api.sejm.gov.pl/eli/acts/DU/2025/501/text.pdf,eli,zus_zasilek_chorobowy_jdg,L1,pdf,2026-04-25T09:41:24Z,200,application/pdf,469628,raw/legislation/eli_DU_2025_501.pdf,Obwieszczenie Marszałka Sejmu Rzeczypospolitej Polskiej z dnia 24 marca 2025 r. w sprawie ogłoszenia jednolitego tekstu ustawy o świadczeniach pieniężnych z ubezpieczenia społecznego w razie choroby i macierzyństwa,,True,DU/2025/501,,search_consolidated,24f10544e4cec5949997a6bdeba452cc5b366c03784a1d5bad9782467e7f29d2,accepted,status=obowiązujący inForce=IN_FORCE consolidated_attempt
6fc07b7f1387fd84,https://api.sejm.gov.pl/eli/acts/DU/2025/1749/text.pdf,eli,zus_emerytura_jdg,L1,pdf,2026-04-25T09:41:26Z,200,application/pdf,1192483,raw/legislation/eli_DU_2025_1749.pdf,Obwieszczenie Marszałka Sejmu Rzeczypospolitej Polskiej z dnia 7 listopada 2025 r. w sprawie ogłoszenia jednolitego tekstu ustawy o emeryturach i rentach z Funduszu Ubezpieczeń Społecznych,,True,DU/2025/1749,,search_consolidated,6fc07b7f1387fd847a19b3dcd8d1c9a6a4ffaf8d84f2f1d8f7ea9822846dce40,accepted,status=obowiązujący inForce=IN_FORCE consolidated_attempt
7c91233e3e8f0506,https://api.sejm.gov.pl/eli/acts/DU/2025/111/text.pdf,eli,,L1,pdf,2026-04-25T09:41:29Z,200,application/pdf,1994104,raw/legislation/eli_DU_2025_111.pdf,Obwieszczenie Marszałka Sejmu Rzeczypospolitej Polskiej z dnia 23 grudnia 2024 r. w sprawie ogłoszenia jednolitego tekstu ustawy - Ordynacja podatkowa,,True,DU/2025/111,,search_consolidated,7c91233e3e8f0506a99d02a8365d618b8810c7bb995c6277a9bb6471bd0f6a07,accepted,status=obowiązujący inForce=IN_FORCE consolidated_attempt
6c713744a8c2a3e9,https://api.sejm.gov.pl/eli/acts/DU/2026/30/text.pdf,eli,,L1,pdf,2026-04-25T09:41:30Z,200,application/pdf,608821,raw/legislation/eli_DU_2026_30.pdf,Obwieszczenie Marszałka Sejmu Rzeczypospolitej Polskiej z dnia 7 stycznia 2026 r. w sprawie ogłoszenia jednolitego tekstu ustawy o Centralnej Ewidencji i Informacji o Działalności Gospodarczej i Punkcie Informacji dla Przedsiębiorcy,,True,DU/2026/30,,search_consolidated,6c713744a8c2a3e9f4b1a10c1bb6030f829ab5e0de8186a9263a4c88ffc11ff4,accepted,status=obowiązujący inForce=IN_FORCE consolidated_attempt
b3f1be4daa4cf8cb,https://api.sejm.gov.pl/eli/acts/DU/2025/1480/text.pdf,eli,ceidg_dzialalnosc_nierejestrowana;ceidg_zawieszenie;zus_ulga_na_start;zus_zawieszenie_dzialalnosci,L1,pdf,2026-04-25T09:41:32Z,200,application/pdf,535279,raw/legislation/eli_DU_2025_1480.pdf,Obwieszczenie Marszałka Sejmu Rzeczypospolitej Polskiej z dnia 20 października 2025 r. w sprawie ogłoszenia jednolitego tekstu ustawy - Prawo przedsiębiorców,,True,DU/2025/1480,,search_consolidated,b3f1be4daa4cf8cb12755a3d52889ed1b722c8f6fd76d311d37ba9e8d7e555ef,accepted,status=obowiązujący inForce=IN_FORCE consolidated_attempt
8f0a5c37c4b46293,https://api.sejm.gov.pl/eli/acts/DU/2024/628/text.pdf,eli,,L1,pdf,2026-04-25T09:41:35Z,200,application/pdf,1283171,raw/legislation/eli_DU_2024_628.pdf,Obwieszczenie Marszałka Sejmu Rzeczypospolitej Polskiej z dnia 11 marca 2024 r. w sprawie ogłoszenia jednolitego tekstu ustawy - Kodeks karny skarbowy,,True,DU/2024/628,,search_consolidated,8f0a5c37c4b46293ace70cbe387e8548e7fc6f56e40bcb123f0610acc524f9b6,accepted,status=wygaśnięcie aktu inForce=NOT_IN_FORCE consolidated_attempt
f80d16e124382489,https://api.sejm.gov.pl/eli/acts/DU/2025/869/text.pdf,eli,,L1,pdf,2026-04-25T09:41:37Z,200,application/pdf,795093,raw/legislation/eli_DU_2025_869.pdf,Obwieszczenie Marszałka Sejmu Rzeczypospolitej Polskiej z dnia 26 czerwca 2025 r. w sprawie ogłoszenia jednolitego tekstu ustawy o Krajowym Rejestrze Sądowym,,True,DU/2025/869,,search_consolidated,f80d16e124382489b6b60d943905ee22bca8751578f77c5f848d4260159833b7,accepted,status=obowiązujący inForce=IN_FORCE consolidated_attempt
152f0830dee85445,https://api.sejm.gov.pl/eli/acts/DU/2025/1691/text.pdf,eli,,L1,pdf,2026-04-25T09:41:39Z,200,application/pdf,651323,raw/legislation/eli_DU_2025_1691.pdf,Obwieszczenie Marszałka Sejmu Rzeczypospolitej Polskiej z dnia 7 listopada 2025 r. w sprawie ogłoszenia jednolitego tekstu ustawy - Kodeks postępowania administracyjnego,,True,DU/2025/1691,,search_consolidated,152f0830dee854451929d1482ecb83e9d053bc7b339973f78cfe0ea98fca348b,accepted,status=obowiązujący inForce=IN_FORCE consolidated_attempt
1457be40a7821988,https://api.sejm.gov.pl/eli/acts/DU/2024/1773/text.pdf,eli,ceidg_dzialalnosc_nierejestrowana;kp_umowa_zlecenie,L1,pdf,2026-04-25T09:41:41Z,200,application/pdf,302586,raw/legislation/eli_DU_2024_1773.pdf,Obwieszczenie Marszałka Sejmu Rzeczypospolitej Polskiej z dnia 27 listopada 2024 r. w sprawie ogłoszenia jednolitego tekstu ustawy o minimalnym wynagrodzeniu za pracę,,True,DU/2024/1773,,search_consolidated,1457be40a7821988b42943ac5060b9b1f47f87b98db88ed4d88cbead64b418b1,accepted,status=obowiązujący inForce=IN_FORCE consolidated_attempt
a34a37247c4d8ea5,https://api.sejm.gov.pl/eli/acts/DU/2026/85/text.pdf,eli,,L1,pdf,2026-04-25T09:41:43Z,200,application/pdf,378091,raw/legislation/eli_DU_2026_85.pdf,Obwieszczenie Marszałka Sejmu Rzeczypospolitej Polskiej z dnia 21 stycznia 2026 r. w sprawie ogłoszenia jednolitego tekstu ustawy o zwalczaniu nieuczciwej konkurencji,,True,DU/2026/85,,search_consolidated,a34a37247c4d8ea5d93fb9ec37b937e28280876ca287f745d788b132be3285a9,accepted,status=obowiązujący inForce=IN_FORCE consolidated_attempt
1c2e9a082a66fad6,https://api.sejm.gov.pl/eli/acts/DU/2025/24/text.pdf,eli,kp_umowa_o_dzielo;pit_ip_box,L1,pdf,2026-04-25T09:41:46Z,200,application/pdf,1023163,raw/legislation/eli_DU_2025_24.pdf,Obwieszczenie Marszałka Sejmu Rzeczypospolitej Polskiej z dnia 6 grudnia 2024 r. w sprawie ogłoszenia jednolitego tekstu ustawy o prawie autorskim i prawach pokrewnych,,True,DU/2025/24,,search_consolidated,1c2e9a082a66fad6e26bba1d4d01a22bd67871657416729cea62b4b9f71cff86,accepted,status=obowiązujący inForce=IN_FORCE consolidated_attempt
6fdd15b85f55679e,https://api.sejm.gov.pl/eli/acts/DU/2026/522/text.pdf,eli,,L1,pdf,2026-04-25T09:41:49Z,200,application/pdf,1369897,raw/legislation/eli_DU_2026_522.pdf,Obwieszczenie Marszałka Sejmu Rzeczypospolitej Polskiej z dnia 30 marca 2026 r. w sprawie ogłoszenia jednolitego tekstu ustawy o rachunkowości,,True,DU/2026/522,,search_consolidated,6fdd15b85f55679eebeaf9b74c44ea339db61302304007d1bf8d9fecd5aba748,accepted,status=obowiązujący inForce=IN_FORCE consolidated_attempt
79285700808e99ab,https://api.sejm.gov.pl/eli/acts/DU/2025/1811/text.pdf,eli,vat_ksef,L1,pdf,2026-04-25T09:41:51Z,200,application/pdf,158742,raw/legislation/eli_DU_2025_1811.pdf,Ustawa z dnia 7 listopada 2025 r. o zmianie ustawy o podatku od towarów i usług,,True,DU/2025/1811,,search_consolidated,79285700808e99abef535ce242eedac8906d3e484ab6ad176b43e6743e0d742f,accepted,status=obowiązujący inForce=IN_FORCE consolidated_attempt
431305a3fa55d3b8,https://www.podatki.gov.pl/media/3iihmzvp/broszura_przew_ver_en.pdf,podatki,vat_stawki,L2,pdf,2026-04-25T09:50:55Z,200,application/pdf,26444,raw/podatki/broszura_przew_ver_en.pdf,"Special VAT scheme for occasional international road carriage of passengers  PDF, 25,82 kB",,True,,https://www.podatki.gov.pl/podatki-firmowe/vat/formularze/,bfs,431305a3fa55d3b8d73f4f5f40c226c26deeb3d25d99dcc334094ff7730575a0,accepted,
d3c34b9c8779d20d,https://www.podatki.gov.pl/media/firhu0w2/pit-2_-9-20.pdf,podatki,pit_skala,L2,pdf,2026-04-25T09:50:56Z,200,application/pdf,311604,raw/podatki/pit-2_-9-20.pdf,Pobierz,,True,,https://www.podatki.gov.pl/podatki-osobiste/pit/formularze/,bfs,d3c34b9c8779d20d2cc51f942e6dc06f2f73d1026346db3295087b0b155ef24f,accepted,
e2152a4efda9d442,https://www.podatki.gov.pl/media/533heipr/pit-2a_-8-15.pdf,podatki,pit_skala,L2,pdf,2026-04-25T09:50:56Z,200,application/pdf,396068,raw/podatki/pit-2a_-8-15.pdf,Pobierz,,True,,https://www.podatki.gov.pl/podatki-osobiste/pit/formularze/,bfs,e2152a4efda9d44267617b7163d4c12cfca583bce8dcdc9f61a097c7eefdadac,accepted,
7a5424500af531e8,https://www.podatki.gov.pl/media/tqgfka2u/pit-3_-8-15.pdf,podatki,pit_skala,L2,pdf,2026-04-25T09:50:57Z,200,application/pdf,375330,raw/podatki/pit-3_-8-15.pdf,Pobierz,,True,,https://www.podatki.gov.pl/podatki-osobiste/pit/formularze/,bfs,7a5424500af531e8f31b1fbd4eedbc410c4acd534cc434ef92649068ca1e1091,accepted,
71ee54acd394c52d,https://www.podatki.gov.pl/media/vrelyzas/pit-6_-14-2019.pdf,podatki,pit_skala,L2,pdf,2026-04-25T09:50:58Z,200,application/pdf,59541,raw/podatki/pit-6_-14-2019.pdf,Pobierz,,True,,https://www.podatki.gov.pl/podatki-osobiste/pit/formularze/,bfs,71ee54acd394c52d44e232fb58e7cb2bf25f03da575b29aab447ebf7d90cf701,accepted,
6ceb9733591ec091,https://www.podatki.gov.pl/media/ruunabvq/pit-19a-11-_v1-0e.pdf,podatki,pit_skala,L2,pdf,2026-04-25T09:50:59Z,200,application/pdf,87225,raw/podatki/pit-19a-11-_v1-0e.pdf,Pobierz,,True,,https://www.podatki.gov.pl/podatki-osobiste/pit/formularze/,bfs,6ceb9733591ec0912fbd53307bbae32ac3cdeebed71467bebc2f2214f07e5d5e,accepted,
49d8081f006b8f06,https://www.podatki.gov.pl/media/xlydqvvy/pit-19a_11-05.pdf,podatki,pit_skala,L2,pdf,2026-04-25T09:51:00Z,200,application/pdf,348180,raw/podatki/pit-19a_11-05.pdf,Pobierz,,True,,https://www.podatki.gov.pl/podatki-osobiste/pit/formularze/,bfs,49d8081f006b8f060cdfe32321c004c95c56bc52fb23f722e49b6e1a2ff001a5,accepted,
6da311fdf05b8886,https://www.podatki.gov.pl/media/fxtjmvnu/pit-28_-27-07.pdf,podatki,pit_ryczalt,L2,pdf,2026-04-25T09:51:01Z,200,application/pdf,418737,raw/podatki/pit-28_-27-07.pdf,Pobierz,,True,,https://www.podatki.gov.pl/podatki-osobiste/pit/formularze/,bfs,6da311fdf05b88867f22fc808c302e498ffb706aa6fa12fcbe66d0bb638d60fc,accepted,
a8e0ede428957d78,https://www.podatki.gov.pl/media/i11o5dtk/broszura-do-pit-36-za-2025-r.pdf,podatki,pit_skala,L2,pdf,2026-04-25T09:51:02Z,200,application/pdf,844955,raw/podatki/broszura-do-pit-36-za-2025-r.pdf,"Broszura do PIT 36 za 2025 r.  PDF, 825,15 kB",,True,,https://www.podatki.gov.pl/podatki-osobiste/pit/formularze/,bfs,a8e0ede428957d78a9c8b1d78290ac4fb5980a99f010769961001aa13accbc32,accepted,
89cae4a89ac5ab02,https://www.podatki.gov.pl/media/zzfhmt2c/broszura-pit-37-za-2025-r.pdf,podatki,pit_skala,L2,pdf,2026-04-25T09:51:03Z,200,application/pdf,623380,raw/podatki/broszura-pit-37-za-2025-r.pdf,"Broszura PIT 37 za 2025 r .  PDF, 608,77 kB",,True,,https://www.podatki.gov.pl/podatki-osobiste/pit/formularze/,bfs,89cae4a89ac5ab02cbbc0b8667dcbf3e85a423c49ab11a1aceaf10c5b5f73877,accepted,
c6da0a805166fb4b,https://www.podatki.gov.pl/media/g5ebnm2e/broszura-do-pit-38-za-2025-r.pdf,podatki,pit_skala,L2,pdf,2026-04-25T09:51:05Z,200,application/pdf,970993,raw/podatki/broszura-do-pit-38-za-2025-r.pdf,"Broszura informacyjna PIT-38  PDF, 948,24 kB",,True,,https://www.podatki.gov.pl/podatki-osobiste/pit/formularze/,bfs,c6da0a805166fb4bc8c56556e2325841b4dc99e514892706f9a3b79560cf61a9,accepted,
0f6e6c967e589982,https://www.podatki.gov.pl/media/m0reedog/pit-39_-12-03.pdf,podatki,pit_skala,L2,pdf,2026-04-25T09:51:06Z,200,application/pdf,382719,raw/podatki/pit-39_-12-03.pdf,Pobierz,,True,,https://www.podatki.gov.pl/podatki-osobiste/pit/formularze/,bfs,0f6e6c967e5899828b3f52a3730555d42e9e259e736a81348bfe4225419b11c0,accepted,
596ea41ce5f3cce8,https://www.podatki.gov.pl/media/qjxbmjh1/broszura-do-pit-39-za-2025-r.pdf,podatki,pit_skala,L2,pdf,2026-04-25T09:51:07Z,200,application/pdf,355613,raw/podatki/broszura-do-pit-39-za-2025-r.pdf,"Broszura do PIT 39 za 2025 r.  PDF, 347,28 kB",,True,,https://www.podatki.gov.pl/podatki-osobiste/pit/formularze/,bfs,596ea41ce5f3cce82d3ce6cfc4958a2842316e9b4857c4998eef1867f0019183,accepted,
908d3f7a5b284472,https://www.podatki.gov.pl/media/mwch4eli/pit-dz_-2-13.pdf,podatki,pit_skala,L2,pdf,2026-04-25T09:51:08Z,200,application/pdf,212261,raw/podatki/pit-dz_-2-13.pdf,Pobierz,,True,,https://www.podatki.gov.pl/podatki-osobiste/pit/formularze/,bfs,908d3f7a5b284472924d4f59e1a1516e7a077e6f47e595441486c772f2255362,accepted,
3fb14f884978cbf6,https://www.podatki.gov.pl/media/ohuitkaw/pit-op_-03-10.pdf,podatki,pit_skala,L2,pdf,2026-04-25T09:51:09Z,200,application/pdf,204363,raw/podatki/pit-op_-03-10.pdf,Pobierz,,True,,https://www.podatki.gov.pl/podatki-osobiste/pit/formularze/,bfs,3fb14f884978cbf6c4830f6643e2560dcabf7d45d06f5f2d0da2e9bc05b56e50,accepted,
81aada989a81c7a0,https://www.podatki.gov.pl/media/s5ankliq/pit-28b_-20-03.pdf,podatki,pit_ryczalt,L2,pdf,2026-04-25T09:51:09Z,200,application/pdf,145383,raw/podatki/pit-28b_-20-03.pdf,Pobierz,,True,,https://www.podatki.gov.pl/podatki-osobiste/pit/formularze/,bfs,81aada989a81c7a08f9d0e58776ba218dcfcecd33a7bb82b6a0eb5a034b407d6,accepted,
7938116f7889fde5,https://www.podatki.gov.pl/media/werjsgbs/pit-2k_-9-13.pdf,podatki,pit_skala,L2,pdf,2026-04-25T09:51:10Z,200,application/pdf,238617,raw/podatki/pit-2k_-9-13.pdf,Pobierz,,True,,https://www.podatki.gov.pl/podatki-osobiste/pit/formularze/,bfs,7938116f7889fde53b28b53141e9d0e76bf966f98e853105738b4571a7b2a0df,accepted,
15cd6ec718928916,https://www.podatki.gov.pl/media/zl0ldc5t/pit_b_-22-08.pdf,podatki,pit_skala,L2,pdf,2026-04-25T09:51:11Z,200,application/pdf,235374,raw/podatki/pit_b_-22-08.pdf,Pobierz,,True,,https://www.podatki.gov.pl/podatki-osobiste/pit/formularze/,bfs,15cd6ec71892891654908f8572be13cb4240a18ef5e0d4ba71b132afd28a2c8a,accepted,
6ddaa2b1bf4ae633,https://www.podatki.gov.pl/media/rg3l5cba/pit_br_-7-06.pdf,podatki,pit_skala,L2,pdf,2026-04-25T09:51:12Z,200,application/pdf,189596,raw/podatki/pit_br_-7-06.pdf,Pobierz,,True,,https://www.podatki.gov.pl/podatki-osobiste/pit/formularze/,bfs,6ddaa2b1bf4ae633e59afa1d93d8627a523af47bda89d7d8c770f41c713577fe,accepted,
254040c213175eaf,https://www.podatki.gov.pl/media/ighbx5ch/pit-d-broszura-za-2025-r.pdf,podatki,pit_skala,L2,pdf,2026-04-25T09:51:13Z,200,application/pdf,474935,raw/podatki/pit-d-broszura-za-2025-r.pdf,"PIT D Broszura informacyjna za 2025 r.  PDF, 463,80 kB",,True,,https://www.podatki.gov.pl/podatki-osobiste/pit/formularze/,bfs,254040c213175eaf7339239a1f2d65f7b966cc72ba65d4774e50fce7b9311d4b,accepted,
dc0e003d13f5f970,https://www.podatki.gov.pl/media/b11bmfdz/pit_ds_-6-01.pdf,podatki,pit_skala,L2,pdf,2026-04-25T09:51:13Z,200,application/pdf,259404,raw/podatki/pit_ds_-6-01.pdf,Pobierz,,True,,https://www.podatki.gov.pl/podatki-osobiste/pit/formularze/,bfs,dc0e003d13f5f970339665afe8154b36843905b3e747cee252302c62a9d39b45,accepted,
657426cf047bf295,https://www.podatki.gov.pl/media/litajg0p/pit_ip_-5-02.pdf,podatki,pit_skala,L2,pdf,2026-04-25T09:51:14Z,200,application/pdf,215533,raw/podatki/pit_ip_-5-02.pdf,Pobierz,,True,,https://www.podatki.gov.pl/podatki-osobiste/pit/formularze/,bfs,657426cf047bf295969ad0bd743aa1003aa6671fbafda9752628fd8d84ef7b9a,accepted,
c732b116b802f131,https://www.podatki.gov.pl/media/qh2hy552/pit_m_-10-04.pdf,podatki,pit_skala,L2,pdf,2026-04-25T09:51:15Z,200,application/pdf,146931,raw/podatki/pit_m_-10-04.pdf,Pobierz,,True,,https://www.podatki.gov.pl/podatki-osobiste/pit/formularze/,bfs,c732b116b802f131186536c931a1b1e7d6ac258636269667ce19f9b19c5b125a,accepted,
6d5c50569c6b5774,https://www.podatki.gov.pl/media/23nduekf/pit_mit_-2.pdf,podatki,pit_skala,L2,pdf,2026-04-25T09:51:16Z,200,application/pdf,286867,raw/podatki/pit_mit_-2.pdf,Pobierz,,True,,https://www.podatki.gov.pl/podatki-osobiste/pit/formularze/,bfs,6d5c50569c6b5774115c10bfb734d8fe1a178efd809a48a87f278d89fe679489,accepted,
28a43ada84588051,https://www.podatki.gov.pl/media/k0wicjih/pit-nzi_-1-16.pdf,podatki,pit_skala,L2,pdf,2026-04-25T09:51:17Z,200,application/pdf,43972,raw/podatki/pit-nzi_-1-16.pdf,Pobierz,,True,,https://www.podatki.gov.pl/podatki-osobiste/pit/formularze/,bfs,28a43ada845880519c3be804c3bfcb49abd43efee77d480065f9dcf8d57049ba,accepted,
bdd5128ca60b9254,https://www.podatki.gov.pl/media/z5abnlba/pit-o-broszura-za-2025-r.pdf,podatki,pit_skala,L2,pdf,2026-04-25T09:51:17Z,200,application/pdf,641708,raw/podatki/pit-o-broszura-za-2025-r.pdf,"PIT O Broszura informacyjna za 2025 r.  PDF, 626,67 kB",,True,,https://www.podatki.gov.pl/podatki-osobiste/pit/formularze/,bfs,bdd5128ca60b92548429d0954d6ec63c101e9f9f993fff92217b8385dda8eae3,accepted,
a06c81db5d44a167,https://www.podatki.gov.pl/media/l5zmaugv/pit_pm_-1.pdf,podatki,pit_skala,L2,pdf,2026-04-25T09:51:18Z,200,application/pdf,301794,raw/podatki/pit_pm_-1.pdf,Pobierz,,True,,https://www.podatki.gov.pl/podatki-osobiste/pit/formularze/,bfs,a06c81db5d44a16703a9c66d185ee57933182fd70fbc530da3cb7d578d075eff,accepted,
d178b9593d0feaaa,https://www.podatki.gov.pl/media/3lajnllf/pit_se_-4-06.pdf,podatki,pit_skala,L2,pdf,2026-04-25T09:51:19Z,200,application/pdf,163516,raw/podatki/pit_se_-4-06.pdf,Pobierz,,True,,https://www.podatki.gov.pl/podatki-osobiste/pit/formularze/,bfs,d178b9593d0feaaa5385d1c4b72e3484742942a0aa16e5ab6d20935cc2ba7223,accepted,
acb93444e95efcf6,https://www.podatki.gov.pl/media/2tyaqvuy/pit_wz_-2.pdf,podatki,pit_skala,L2,pdf,2026-04-25T09:51:20Z,200,application/pdf,371529,raw/podatki/pit_wz_-2.pdf,Pobierz,,True,,https://www.podatki.gov.pl/podatki-osobiste/pit/formularze/,bfs,acb93444e95efcf6ee1bbe1cdfdde14b901ef816bcae95abd2c33b7590b8f2cc,accepted,
b97e207166b2dc08,https://www.podatki.gov.pl/media/vswlf3rz/pit-wzr-02-13.pdf,podatki,pit_skala,L2,pdf,2026-04-25T09:51:21Z,200,application/pdf,343733,raw/podatki/pit-wzr-02-13.pdf,Pobierz,,True,,https://www.podatki.gov.pl/podatki-osobiste/pit/formularze/,bfs,b97e207166b2dc08f3f4406aa927f2bd5be1ea267f92796b127cfc10255d0d6e,accepted,
5e3b93d22f8cc960,https://www.podatki.gov.pl/media/q2cnuylu/pit_z_-11-02.pdf,podatki,pit_skala,L2,pdf,2026-04-25T09:51:21Z,200,application/pdf,286601,raw/podatki/pit_z_-11-02.pdf,Pobierz,,True,,https://www.podatki.gov.pl/podatki-osobiste/pit/formularze/,bfs,5e3b93d22f8cc9601dc11d932362811ab9a4203543f92e71532ba24a8e6eaba5,accepted,
e4108d14529a3fd6,https://www.podatki.gov.pl/media/jlvjafcd/pit_zg_-8-07-1.pdf,podatki,pit_skala,L2,pdf,2026-04-25T09:51:22Z,200,application/pdf,165081,raw/podatki/pit_zg_-8-07-1.pdf,Pobierz,,True,,https://www.podatki.gov.pl/podatki-osobiste/pit/formularze/,bfs,e4108d14529a3fd677adae1e86794c675e78d18fd3012929e84acdbc502bae56,accepted,
02f0cc75f89d112b,https://www.podatki.gov.pl/media/id5n1qcz/poradnik-dla-emerytów-i-rencistów-jak-prawidłowo-rozliczyć-pit.pdf,podatki,zus_emerytura_jdg,L2,pdf,2026-04-25T09:51:23Z,200,application/pdf,1813412,raw/podatki/poradnik-dla-emeryt_w-i-rencist_w-jak-prawid_owo-rozliczy_-pit.pdf,Poradnik dla emerytów i rencistów - jak prawidłowo rozliczyć PIT,,True,,https://www.podatki.gov.pl/podatki-osobiste/pit/informacje-podstawowe/co-jest-opodatkowane/dochody-z-emerytury-lub-renty/,bfs,02f0cc75f89d112b052d22a5693fa993d95adb8794f23360cb72223e0e71d375,accepted,
631d03cba488fe8b,https://www.podatki.gov.pl/media/uvyd0vnl/specyfikacja-interfejsów-usług-jpk-wersja-540.pdf,podatki,vat_stawki,L2,pdf,2026-04-25T09:51:26Z,200,application/pdf,692514,raw/podatki/specyfikacja-interfejs_w-us_ug-jpk-wersja-540.pdf,"Specyfikacja Interfejsów usług JPK wersja 5.4.0  PDF, 676,28 kB",,True,,https://www.podatki.gov.pl/podatki-firmowe/jednolity-plik-kontrolny/jpk_vat-z-deklaracja/pliki-do-pobrania/,bfs,631d03cba488fe8bd4c8c7bed99a461b84397cc5b60d625f9cb28af14fddccb4,accepted,
889545cda6ebd2a0,https://www.podatki.gov.pl/media/hwsb3pqh/zmiany_w_schemie_jpk_v7m3-2.pdf,podatki,vat_jpk,L2,pdf,2026-04-25T09:51:27Z,200,application/pdf,240182,raw/podatki/zmiany_w_schemie_jpk_v7m3-2.pdf,"Zmiany w strukturze JPK_V7M(3) w porównaniu do JPK_V7M(2)   PDF, 234,55 kB",,True,,https://www.podatki.gov.pl/podatki-firmowe/jednolity-plik-kontrolny/jpk_vat-z-deklaracja/pliki-do-pobrania/,bfs,889545cda6ebd2a03bd6218cffe094e0b3d4c85194ae59f601c3b7814a8f2db2,accepted,
64c92944ae48336e,https://www.podatki.gov.pl/media/yyenub3m/zmiany_w_schemie_jpk_v7k3-2.pdf,podatki,vat_jpk,L2,pdf,2026-04-25T09:51:28Z,200,application/pdf,241148,raw/podatki/zmiany_w_schemie_jpk_v7k3-2.pdf,"Zmiany w strukturze JPK_V7K(3) w porównaniu do JPK_V7K(2)   PDF, 235,50 kB",,True,,https://www.podatki.gov.pl/podatki-firmowe/jednolity-plik-kontrolny/jpk_vat-z-deklaracja/pliki-do-pobrania/,bfs,64c92944ae48336eea609820bd48a82eddab8fd21d5241a180bd16e60394491c,accepted,
e15a00c437081a04,https://www.podatki.gov.pl/media/0h2maakz/zmiany_w_schemie_jpk_v7m-2.pdf,podatki,vat_jpk,L2,pdf,2026-04-25T09:51:29Z,200,application/pdf,556373,raw/podatki/zmiany_w_schemie_jpk_v7m-2.pdf,"Zmiany w strukturze JPK_V7M(2) w porównaniu do JPK_V7M(1)  PDF, 543,33 kB",,True,,https://www.podatki.gov.pl/podatki-firmowe/jednolity-plik-kontrolny/jpk_vat-z-deklaracja/pliki-do-pobrania/,bfs,e15a00c437081a0460d19c2244a3f67b0214358c34d9728a691da78cc9969468,accepted,
4260b1664c18fc4b,https://www.podatki.gov.pl/media/wgbkrejs/broszura-jpk_vat-z-deklaracją-od-1-lutego-2026-r.pdf,podatki,vat_stawki,L2,pdf,2026-04-25T09:51:30Z,200,application/pdf,1696701,raw/podatki/broszura-jpk_vat-z-deklaracj_-od-1-lutego-2026-r.pdf,"Broszura - JPK_VAT z deklaracją od 1 lutego 2026  PDF, 1,62 MB",,True,,https://www.podatki.gov.pl/podatki-firmowe/jednolity-plik-kontrolny/jpk_vat-z-deklaracja/pliki-do-pobrania/,bfs,4260b1664c18fc4b6c43414d18d7f9cdd9382a4979fc24c68594c843cd21947c,accepted,
5d6313b7e2f8359e,https://www.podatki.gov.pl/media/eqrn3dey/broszura-jpk_vat-z-deklaracją-od-1-lutego-2026-r-en.pdf,podatki,vat_stawki,L2,pdf,2026-04-25T09:51:31Z,200,application/pdf,1383091,raw/podatki/broszura-jpk_vat-z-deklaracj_-od-1-lutego-2026-r-en.pdf,"SAF-T Information Brochure – February, 1st 2026  PDF, 1,32 MB",,True,,https://www.podatki.gov.pl/podatki-firmowe/jednolity-plik-kontrolny/jpk_vat-z-deklaracja/pliki-do-pobrania/,bfs,5d6313b7e2f8359e6d1281f519a972f42b3af38a7c5242d62db492010a706493,accepted,
68a67a0e173aff82,https://www.podatki.gov.pl/media/fvlmkets/broszura-informacyjna-jpk_vat-z-deklaracją-10052023.pdf,podatki,vat_stawki,L2,pdf,2026-04-25T09:51:32Z,200,application/pdf,1847200,raw/podatki/broszura-informacyjna-jpk_vat-z-deklaracj_-10052023.pdf,"Broszura – JPK_VAT z deklaracją od 1 kwietnia 2023   PDF, 1,76 MB",,True,,https://www.podatki.gov.pl/podatki-firmowe/jednolity-plik-kontrolny/jpk_vat-z-deklaracja/pliki-do-pobrania/,bfs,68a67a0e173aff82099405223a262c81ced67de23864e4f9757c8c5d7250d2e5,accepted,
4cab5d5ec9f06729,https://www.podatki.gov.pl/media/qpkhvnmb/broszura-informacyjna-jpk_vat-z-deklaracją_ang_20230522.pdf,podatki,vat_stawki,L2,pdf,2026-04-25T09:51:33Z,200,application/pdf,1774783,raw/podatki/broszura-informacyjna-jpk_vat-z-deklaracj__ang_20230522.pdf,"SAF-T Information Brochure – April, 1st 2023  PDF, 1,69 MB",,True,,https://www.podatki.gov.pl/podatki-firmowe/jednolity-plik-kontrolny/jpk_vat-z-deklaracja/pliki-do-pobrania/,bfs,4cab5d5ec9f06729ad46a8c2bde3b9b0fc479996fd1ad6c41dd5d6c406b66eb8,accepted,
b248c02453de9dac,https://www.podatki.gov.pl/media/n3npahf1/broszura-informacyjna-jpk_vat-z-deklaracją-17012023.pdf,podatki,vat_stawki,L2,pdf,2026-04-25T09:51:34Z,200,application/pdf,2373781,raw/podatki/broszura-informacyjna-jpk_vat-z-deklaracj_-17012023.pdf,"Broszura - JPK_VAT z deklaracją od 1 stycznia 2023   PDF, 2,26 MB",,True,,https://www.podatki.gov.pl/podatki-firmowe/jednolity-plik-kontrolny/jpk_vat-z-deklaracja/pliki-do-pobrania/,bfs,b248c02453de9dac759d1fbb533392027c28d941d8fadf2b442290215030802f,accepted,
3b2f7074c131d5b1,https://www.podatki.gov.pl/media/bq2gbb34/broszura-informacyjna-jpk_vat-z-deklaracją-wersja-anglojęzyczna_20230201.pdf,podatki,vat_stawki,L2,pdf,2026-04-25T09:51:35Z,200,application/pdf,2322069,raw/podatki/broszura-informacyjna-jpk_vat-z-deklaracj_-wersja-angloj_zyczna_20230201.pdf,"SAF-T Information Brochure – January, 1st 2023  PDF, 2,21 MB",,True,,https://www.podatki.gov.pl/podatki-firmowe/jednolity-plik-kontrolny/jpk_vat-z-deklaracja/pliki-do-pobrania/,bfs,3b2f7074c131d5b106e1d69c300773693d526e05898479b24432115e684b6c63,accepted,
fdc42ec21d03f50b,https://www.podatki.gov.pl/media/z51iaop1/broszura-informacyjna-jpk_vat-z-deklaracją-08022022.pdf,podatki,vat_stawki,L2,pdf,2026-04-25T09:51:36Z,200,application/pdf,2374564,raw/podatki/broszura-informacyjna-jpk_vat-z-deklaracj_-08022022.pdf,"Broszura - JPK_VAT z deklaracją od 1 stycznia 2022  PDF, 2,26 MB",,True,,https://www.podatki.gov.pl/podatki-firmowe/jednolity-plik-kontrolny/jpk_vat-z-deklaracja/pliki-do-pobrania/,bfs,fdc42ec21d03f50b375953d16878d0acd00313b0c56eed594a88dc428fdbec28,accepted,
9bc401b8e4b133c8,https://www.podatki.gov.pl/media/cnab0ivp/broszura-informacyjna-jpk_vat-z-deklaracją-wersja-anglojęzyczna_20220216.pdf,podatki,vat_stawki,L2,pdf,2026-04-25T09:51:37Z,200,application/pdf,1747213,raw/podatki/broszura-informacyjna-jpk_vat-z-deklaracj_-wersja-angloj_zyczna_20220216.pdf,"SAF-T Information Brochure – January, 1st 2022  PDF, 1,67 MB",,True,,https://www.podatki.gov.pl/podatki-firmowe/jednolity-plik-kontrolny/jpk_vat-z-deklaracja/pliki-do-pobrania/,bfs,9bc401b8e4b133c841c1653add23ca1dfce6c32e14c44b2eb3004bc4ffeb6410,accepted,
fd09148f65cf99c3,https://www.podatki.gov.pl/media/nfjfjubc/broszura-informacyjna-jpk-vat-z-deklaracja.pdf,podatki,vat_stawki,L2,pdf,2026-04-25T09:51:38Z,200,application/pdf,2177313,raw/podatki/broszura-informacyjna-jpk-vat-z-deklaracja.pdf,"Broszura - JPK_VAT z deklaracją  PDF, 2,08 MB",,True,,https://www.podatki.gov.pl/podatki-firmowe/jednolity-plik-kontrolny/jpk_vat-z-deklaracja/pliki-do-pobrania/,bfs,fd09148f65cf99c3851779800be974d92cd0bc38805e2e5784e0f0d647e4cadc,accepted,
14bca218f1d9ac7a,https://www.podatki.gov.pl/media/ibvdo1iq/broszura-informacyjna-jpk_vat-z-deklaracją-wersja-anglojęzyczna30062020.pdf,podatki,vat_stawki,L2,pdf,2026-04-25T09:51:39Z,200,application/pdf,2065412,raw/podatki/broszura-informacyjna-jpk_vat-z-deklaracj_-wersja-angloj_zyczna30062020.pdf,"SAF-T Information Brochure   PDF, 1,97 MB",,True,,https://www.podatki.gov.pl/podatki-firmowe/jednolity-plik-kontrolny/jpk_vat-z-deklaracja/pliki-do-pobrania/,bfs,14bca218f1d9ac7a9702fc4b21d8924bcc4a5e48223a7903ba2132d1bc3a5b76,accepted,
413bcbd2e768411b,https://www.podatki.gov.pl/media/4mfpukk3/jpk_vat_onepager__2020-10-13.pdf,podatki,vat_stawki,L2,pdf,2026-04-25T09:51:40Z,200,application/pdf,424153,raw/podatki/jpk_vat_onepager__2020-10-13.pdf,"Broszura informacyjna: JPK_VAT z deklaracją od 1 października 2020  PDF, 414,21 kB",,True,,https://www.podatki.gov.pl/podatki-firmowe/jednolity-plik-kontrolny/jpk_vat-z-deklaracja/pliki-do-pobrania/,bfs,413bcbd2e768411b3eee0baf2c4b7ff5c9de6558e389f0c056ca4efd4560b595,accepted,
a2fa79774b646e59,https://www.podatki.gov.pl/media/lzafohup/jpk_vat-z-deklaracja-stosowanie-znacznikow.pdf,podatki,vat_stawki,L2,pdf,2026-04-25T09:51:41Z,200,application/pdf,261807,raw/podatki/jpk_vat-z-deklaracja-stosowanie-znacznikow.pdf,"JPK_VAT z deklaracją – stosowanie znaczników  PDF, 255,67 kB",,True,,https://www.podatki.gov.pl/podatki-firmowe/jednolity-plik-kontrolny/jpk_vat-z-deklaracja/pliki-do-pobrania/,bfs,a2fa79774b646e5954b7452cb8bd9e86e215538fc636e2056059a6653845cb79,accepted,
5087392ffdc5c81e,https://www.podatki.gov.pl/media/aosft1rf/broszura-jpk_vat-3-wersja-20180214.pdf,podatki,vat_stawki,L2,pdf,2026-04-25T09:51:42Z,200,application/pdf,862966,raw/podatki/broszura-jpk_vat-3-wersja-20180214.pdf,"Broszura informacyjna JPK_VAT(3)  PDF, 842,74 kB",,True,,https://www.podatki.gov.pl/podatki-firmowe/jednolity-plik-kontrolny/jpk_vat/pliki-do-pobrania-jpk-vat/,bfs,5087392ffdc5c81ed6a027a92a0b903ad61b3826868031500c200ee4f19432fc,accepted,
29a31e4317b1384f,https://www.podatki.gov.pl/media/vabexysu/jpk_vat-records-for-value-added-tax-styczen-2018r.pdf,podatki,vat_rejestracja,L2,pdf,2026-04-25T09:51:42Z,200,application/pdf,776181,raw/podatki/jpk_vat-records-for-value-added-tax-styczen-2018r.pdf,"Broszura informacyjna JPK_VAT(3)EN  PDF, 757,99 kB",,True,,https://www.podatki.gov.pl/podatki-firmowe/jednolity-plik-kontrolny/jpk_vat/pliki-do-pobrania-jpk-vat/,bfs,29a31e4317b1384f6189fd423e5e8d4ca23b6b377135eb877244863a3e27f9e9,accepted,
b1c59880639026ef,https://www.podatki.gov.pl/media/5d5fdjbj/upo-jpk_v6-0.pdf,podatki,vat_stawki,L2,pdf,2026-04-25T09:51:44Z,200,application/pdf,47423,raw/podatki/upo-jpk_v6-0.pdf,"Formularz UPO-JPK (PDF, 48 kB)",,True,,https://www.podatki.gov.pl/podatki-firmowe/jednolity-plik-kontrolny/jpk_vat/pytania-i-odpowiedzi-jpk_vat/,bfs,b1c59880639026ef7840a6bfcb9863244b2534a5633a93901d8f60c85a697bb8,accepted,
7972ffec61428395,https://www.podatki.gov.pl/media/dw0djqf2/podręcznik-użytkownika-formularza-jpk_vat3_28042022.pdf,podatki,vat_jpk,L2,pdf,2026-04-25T09:51:45Z,200,application/pdf,1078903,raw/podatki/podr_cznik-u_ytkownika-formularza-jpk_vat3_28042022.pdf,"Podręcznik Użytkownika Formularza JPK VAT  PDF, 1,03 MB",,True,,https://www.podatki.gov.pl/podatki-firmowe/jednolity-plik-kontrolny/jpk_vat/aplikacje-do-pobrania/,bfs,7972ffec614283951576209afbaef3f83d283c70e8404e89ced3e4add19e0201,accepted,
b28e4546b0e3cff2,https://www.podatki.gov.pl/media/gbniae0u/pit-16_15-12.pdf,podatki,pit_skala,L2,pdf,2026-04-25T09:51:46Z,200,application/pdf,93144,raw/podatki/pit-16_15-12.pdf,Pobierz,,True,,https://www.podatki.gov.pl/podatki-firmowe/pit/formularze/,bfs,b28e4546b0e3cff2a0eacfcee94da435ce2a3b6368df548341fda503dddd19d6,accepted,
0eb05e52921a97a0,https://www.podatki.gov.pl/media/0unlf54x/pit-16a_-13-04.pdf,podatki,pit_karta_podatkowa,L2,pdf,2026-04-25T09:51:47Z,200,application/pdf,284901,raw/podatki/pit-16a_-13-04.pdf,Pobierz,,True,,https://www.podatki.gov.pl/podatki-firmowe/pit/formularze/,bfs,0eb05e52921a97a0bd613596a32b0faba5cedbe10ac25763df3f4449d9b94908,accepted,
4150b7151b13a6fe,https://www.podatki.gov.pl/media/4b4mhbqj/pit-28s_-26-09.pdf,podatki,pit_ryczalt,L2,pdf,2026-04-25T09:51:48Z,200,application/pdf,269871,raw/podatki/pit-28s_-26-09.pdf,Pobierz,,True,,https://www.podatki.gov.pl/podatki-firmowe/pit/formularze/,bfs,4150b7151b13a6fe5767a18bb0018e13f3cfaad0d71ec75e614bed23747b6f0c,accepted,
e40cc8faf7b1c57f,https://www.podatki.gov.pl/media/n4gnaojl/broszura-do-pit-36s-za-2025-r.pdf,podatki,pit_skala,L2,pdf,2026-04-25T09:51:48Z,200,application/pdf,472770,raw/podatki/broszura-do-pit-36s-za-2025-r.pdf,"Broszura do PIT 36S za 2025 r.  PDF, 461,69 kB",,True,,https://www.podatki.gov.pl/podatki-firmowe/pit/formularze/,bfs,e40cc8faf7b1c57f88d1089ffb4cef2cd99749d9c0a44ae2e23853844f6c4692,accepted,
aabfabdfe76fa648,https://www.podatki.gov.pl/media/xkfazmef/broszura-do-pit-36l-za-2025-r.pdf,podatki,pit_liniowy;pit_skala,L2,pdf,2026-04-25T09:51:49Z,200,application/pdf,436788,raw/podatki/broszura-do-pit-36l-za-2025-r.pdf,"Broszura do PIT 36L za 2025 r.  PDF, 426,55 kB",,True,,https://www.podatki.gov.pl/podatki-firmowe/pit/formularze/,bfs,aabfabdfe76fa648db03243594e33f0ccfb2d20f0fcf39eb8991f5faf2943460,accepted,
e018d58463a13e60,https://www.podatki.gov.pl/media/jirnu44h/broszura-do-pit-36ls-za-2025-r.pdf,podatki,pit_liniowy;pit_skala,L2,pdf,2026-04-25T09:51:50Z,200,application/pdf,376946,raw/podatki/broszura-do-pit-36ls-za-2025-r.pdf,"Broszura do PIT 36LS za 2025 r.  PDF, 368,11 kB",,True,,https://www.podatki.gov.pl/podatki-firmowe/pit/formularze/,bfs,e018d58463a13e60ba442dedd0c317cd620363a2da3f59fb53424eb1e98ad2ba,accepted,
99e6dc906fd9e933,https://www.podatki.gov.pl/media/ecyfm2is/pit-cfc_-5-03.pdf,podatki,pit_skala,L2,pdf,2026-04-25T09:51:51Z,200,application/pdf,157432,raw/podatki/pit-cfc_-5-03.pdf,Pobierz,,True,,https://www.podatki.gov.pl/podatki-firmowe/pit/formularze/,bfs,99e6dc906fd9e933b9accee4b8941383581841af5cde6fcadf2cc8aaec6f4cd7,accepted,
4f9796c83bb35776,https://www.podatki.gov.pl/media/0sbnw003/pit-csr_pit-csrs_-1-05.pdf,podatki,pit_skala,L2,pdf,2026-04-25T09:51:52Z,200,application/pdf,296611,raw/podatki/pit-csr_pit-csrs_-1-05.pdf,Pobierz,,True,,https://www.podatki.gov.pl/podatki-firmowe/pit/formularze/,bfs,4f9796c83bb35776d8c279ccccd9bb40e0b6eb1d6e8d10c57051c36a97bbad7f,accepted,
74681c40afa7ab8d,https://www.podatki.gov.pl/media/iuulvstf/pit-nz_-2-06.pdf,podatki,pit_skala,L2,pdf,2026-04-25T09:51:52Z,200,application/pdf,142953,raw/podatki/pit-nz_-2-06.pdf,Pobierz,,True,,https://www.podatki.gov.pl/podatki-firmowe/pit/formularze/,bfs,74681c40afa7ab8d0cdb9cb94be0f93bdcc95c893de90318aba06b2cb456d92b,accepted,
461d512d4bbbda3c,https://www.podatki.gov.pl/media/2uxfxcn2/pit-nzs_-2-08.pdf,podatki,pit_skala,L2,pdf,2026-04-25T09:51:53Z,200,application/pdf,133958,raw/podatki/pit-nzs_-2-08.pdf,Pobierz,,True,,https://www.podatki.gov.pl/podatki-firmowe/pit/formularze/,bfs,461d512d4bbbda3c4b04cfe418bcf35dcab6f7948390bf1170544c9106803a9b,accepted,
9b3ca572fdcddc7b,https://www.podatki.gov.pl/media/ct2mhqik/pit-rb_pit-rbs_-2-08.pdf,podatki,pit_skala,L2,pdf,2026-04-25T09:51:54Z,200,application/pdf,186093,raw/podatki/pit-rb_pit-rbs_-2-08.pdf,Pobierz,,True,,https://www.podatki.gov.pl/podatki-firmowe/pit/formularze/,bfs,9b3ca572fdcddc7befb2d96ae622585eaa14a452c0cbd0843a718c6f6f80a05e,accepted,
2de1833229153782,https://www.podatki.gov.pl/media/fvzpuzzn/pit_cfi_-3-05.pdf,podatki,pit_skala,L2,pdf,2026-04-25T09:51:55Z,200,application/pdf,178048,raw/podatki/pit_cfi_-3-05.pdf,Pobierz,,True,,https://www.podatki.gov.pl/podatki-firmowe/pit/formularze/,bfs,2de1833229153782b23af3243a82a0b43380ed7e5e1910737e36c745063c8145,accepted,
7d030ddd48179e31,https://www.podatki.gov.pl/media/upwdj4jg/pit-4r__-13-10.pdf,podatki,pit_skala,L2,pdf,2026-04-25T09:51:56Z,200,application/pdf,222804,raw/podatki/pit-4r__-13-10.pdf,Pobierz,,True,,https://www.podatki.gov.pl/podatki-firmowe/pit/formularze/,bfs,7d030ddd48179e31f8ed137dd24673fef923ceb5b83f4db7fda5b12b0c1ca3ef,accepted,
ae33a23ed9adb494,https://www.podatki.gov.pl/media/5qgarqpq/pit-8ar_-14-05.pdf,podatki,pit_skala,L2,pdf,2026-04-25T09:51:57Z,200,application/pdf,368604,raw/podatki/pit-8ar_-14-05.pdf,Pobierz,,True,,https://www.podatki.gov.pl/podatki-firmowe/pit/formularze/,bfs,ae33a23ed9adb4942db85d7c79c918f4906addf562c44f9fefe167bb84c1c9bd,accepted,
f3089bb2c31dd659,https://www.podatki.gov.pl/media/aixfpi4w/pit-8c_-13-08.pdf,podatki,pit_skala,L2,pdf,2026-04-25T09:51:57Z,200,application/pdf,207154,raw/podatki/pit-8c_-13-08.pdf,Pobierz,,True,,https://www.podatki.gov.pl/podatki-firmowe/pit/formularze/,bfs,f3089bb2c31dd659a2d1e5a0db61bbe1c8998ada32689edfe0e6388129b3ae75,accepted,
9bd660e181099569,https://www.podatki.gov.pl/media/kgpgdkvp/pit-11_-29-11.pdf,podatki,pit_skala,L2,pdf,2026-04-25T09:51:58Z,200,application/pdf,676681,raw/podatki/pit-11_-29-11.pdf,Pobierz,,True,,https://www.podatki.gov.pl/podatki-firmowe/pit/formularze/,bfs,9bd660e181099569faca874ebfa2806ea18d8478e7f038a0a9555089a8c7c8ad,accepted,
91dc3c55e915475b,https://www.podatki.gov.pl/media/qgknj2q1/pit-40a11a_-21-17.pdf,podatki,pit_skala,L2,pdf,2026-04-25T09:51:59Z,200,application/pdf,361320,raw/podatki/pit-40a11a_-21-17.pdf,Pobierz,,True,,https://www.podatki.gov.pl/podatki-firmowe/pit/formularze/,bfs,91dc3c55e915475b4748fb3c64d33af999a681b9f68c14854430c10f30ba8070,accepted,
1335a9faf83a29d9,https://www.podatki.gov.pl/media/govjpd20/pit-r_-22-13.pdf,podatki,pit_skala,L2,pdf,2026-04-25T09:52:00Z,200,application/pdf,170613,raw/podatki/pit-r_-22-13.pdf,Pobierz,,True,,https://www.podatki.gov.pl/podatki-firmowe/pit/formularze/,bfs,1335a9faf83a29d964d9c4e199f063b4754a03d05abb4d9daf983b9cc88f477c,accepted,
2ad8f0a82ffaf589,https://www.podatki.gov.pl/media/ia2dy2ym/pit_wot_-01-10.pdf,podatki,pit_skala,L2,pdf,2026-04-25T09:52:01Z,200,application/pdf,204589,raw/podatki/pit_wot_-01-10.pdf,Pobierz,,True,,https://www.podatki.gov.pl/podatki-firmowe/pit/formularze/,bfs,2ad8f0a82ffaf5891df2e1113fa844b96554280a6f58d185bbfe2405741e495e,accepted,
